{"detectors.js": "Tue, 25 Oct 2022 14:10:23 GMT", "npmignore": "Tue, 25 Oct 2022 14:10:23 GMT", "package-lock.json": "Tue, 25 Oct 2022 14:10:23 GMT", "package.json": "Tue, 25 Oct 2022 14:10:23 GMT", "package.png": "Tue, 25 Oct 2022 14:10:23 GMT", "README.md": "Tue, 25 Oct 2022 14:10:23 GMT", "scripts/test.js": "Tue, 25 Oct 2022 14:10:23 GMT", "src/package-test.ts": "Tue, 25 Oct 2022 14:10:23 GMT", "src/package.ts": "Tue, 25 Oct 2022 14:10:23 GMT", "tsconfig.json": "Tue, 25 Oct 2022 14:10:23 GMT", "webpack.config.js": "Tue, 25 Oct 2022 14:10:23 GMT", "dist/package-test.js": "Tue, 25 Oct 2022 14:10:23 GMT", "dist/package.js": "Tue, 25 Oct 2022 14:10:23 GMT", "projects/isolation_test_project.zip": "Tue, 25 Oct 2022 14:10:23 GMT"}