CLONE	NSEQ	NSITE	TREE_LENGTH	LHOOD	KAPPA_MLE	OMEGA_FWR_MLE	OMEGA_CDR_MLE	WRC_2_MLE	GYW_0_MLE	WA_1_MLE	TW_0_MLE	SYC_2_MLE	GRS_0_MLE	TREE
REPERTOIRE	836	118.4934	0.0399	-20024.2816	1.3377	0.5858	0.6356	0.74	2.1045	1.4672	0.8154	-0.4633	2.8373	`igphyml --repfile ex_lineages_gy.tsv -m HLP --run_id hlp --threads 4 -o tlr --omega e,e -t e --motifs WRC_2:0,GYW_0:1,WA_1:2,TW_0:3,SYC_2:4,GRS_0:5 --hotness e,e,e,e,e,e --oformat tab --outname ex_igphyml-pass.tab `
148_95	15	119	0.7379	-566.6099	1.3377	0.5858	0.6356	0.74	2.1045	1.4672	0.8154	-0.4633	2.8373	(((((((GGGCACTTCCAACCAA-1_contig_2:0.0103255005,ACGATGTTCCACTGGG-1_contig_1:0.0373856165):0.0283914509,AACGTTGTCCCACTTG-1_contig_1:0.0317725251):0.0114034477,TACGGGCTCCACGACG-1_contig_1:0.0337637882):0.0252515784,ACGCAGCAGTAATCCC-1_contig_1:0.0417186726):0.0086563605,ACTTGTTTCAAACCAC-1_contig_1:0.0171850334):0.0111560595,((((CTTCTCTCAATGCCAT-1_contig_1:0.0000007898,TGACTAGGTGGTTTCA-1_contig_1:0.0688623551):0.0255510100,(TGGTTCCTCCTAGTGA-1_contig_2:0.0511425442,GAAACTCGTAAATACG-1_contig_1:0.0255742354):0.0252556071):0.0084246816,(CCTAGCTTCAAGCCTA-1_contig_2:0.0331869919,CTGTGCTCAAGGCTCC-1_contig_1:0.0203827446):0.0143132243):0.0253437300,(AGTTGGTAGCCAACAG-1_contig_1:0.0500897225,(CATTATCGTCAACTGT-1_contig_2:0.0176559828,ATCATCTGTAGCACGA-1_contig_12:0.0761326714):0.0164479006):0.0082501068):0.0143105619):0.0000000100,148_95_GERM:0.0000100000);
86_33	15	118	0.8714	-646.7907	1.3377	0.5858	0.6356	0.74	2.1045	1.4672	0.8154	-0.4633	2.8373	(((((((TGTCCCACAGCTCGCA-1_contig_2:0.0278212667,AGCTTGAGTGGGTCAA-1_contig_2:0.1261676385):0.0190617762,TGCCCTACAGCTATTG-1_contig_2:0.0295108074):0.0305446704,GCGAGAATCTGGAGCC-1_contig_3:0.0000006035):0.0171961405,(TGTATTCTCACAAACC-1_contig_4:0.0591194089,CTGGTCTGTATAGGTA-1_contig_2:0.0248064419):0.0105929740):0.0088004104,((AATCGGTAGCGACGTA-1_contig_2:0.0504584862,CTCGGGATCAACTCTT-1_contig_4:0.0186533688):0.0086456522,(TTGACTTGTGTTGAGG-1_contig_2:0.0403006968,CATTATCTCACAGGCC-1_contig_2:0.0235493897):0.0233099643):0.0334436285):0.0415410933,((CAGCTGGAGCGTAATA-1_contig_7:0.0426094139,GCACATATCCAGATCA-1_contig_3:0.0416776699):0.0193663809,((GCTGCGACAACTGGCC-1_contig_2:0.0539348326,CATCAGAGTACCGCTG-1_contig_2:0.0535684023):0.0284287316,GAGGTGAGTAAATGAC-1_contig_6:0.0189494312):0.0160521162):0.0032617429):0.0000000100,86_33_GERM:0.0000100000);
770_79	8	116	0.27	-215.001	1.3377	0.5858	0.6356	0.74	2.1045	1.4672	0.8154	-0.4633	2.8373	(((((GACTACAAGACGCACA-1_contig_1:0.0522232251,AGAGCTTAGCGCTTAT-1_contig_1:0.0304968114):0.0204568244,TTGTAGGAGGAGTAGA-1_contig_1:0.0153873679):0.0208478268,(TGGCCAGCAAGCCATT-1_contig_1:0.0434252816,GGCCGATCATCACGTA-1_contig_1:0.0173715711):0.0000036884):0.0108899224,((GTACGTACACGAAATA-1_contig_1:0.0174348669,AAAGATGGTCTAGAGG-1_contig_1:0.0000013833):0.0262746276,CCGTGGAAGAAGGGTA-1_contig_1:0.0000004207):0.0151450131):0.0000000100,770_79_GERM:0.0000100000);
86_428	6	118	0.4545	-322.2754	1.3377	0.5858	0.6356	0.74	2.1045	1.4672	0.8154	-0.4633	2.8373	((((GTCAAGTCACCACCAG-1_contig_4:0.0488900287,GTCTTCGCACCCATTC-1_contig_5:0.0831229792):0.0377436453,(CATTCGCTCCAGTAGT-1_contig_2:0.0450318134,TCGCGAGTCAGTGCAT-1_contig_4:0.0581348835):0.0102690283):0.0041141816,(CACACTCAGCCACGCT-1_contig_2:0.0494045770,TGCACCTGTTGCGTTA-1_contig_4:0.0977957904):0.0199939822):0.0000000100,86_428_GERM:0.0000100000);
175_1361	5	119	0.3178	-248.5844	1.3377	0.5858	0.6356	0.74	2.1045	1.4672	0.8154	-0.4633	2.8373	(((CAACTAGGTCTAGAGG-1_contig_1:0.0426378859,GGTATTGCACAAGACG-1_contig_1:0.0773948684):0.0214228384,(AAATGCCGTACTTAGC-1_contig_1:0.0129827117,(GTAACGTAGTTGAGTA-1_contig_1:0.0706602066,CTTCTCTAGTTGTCGT-1_contig_1:0.0530825729):0.0367226683):0.0029400127):0.0000000100,175_1361_GERM:0.0000100000);
175_967	5	119	0.3178	-248.0059	1.3377	0.5858	0.6356	0.74	2.1045	1.4672	0.8154	-0.4633	2.8373	(((GGACAGATCACTCTTA-1_contig_1:0.0407064946,GCTCCTATCCCTAACC-1_contig_3:0.0582676237):0.0243515686,((TCGTAGAGTTTCGCTC-1_contig_1:0.0957400647,ACACCGGCATTGGGCC-1_contig_1:0.0163485998):0.0144391263,TCGTACCAGATAGGAG-1_contig_1:0.0573001959):0.0106272851):0.0000000100,175_967_GERM:0.0000100000);
86_1064	5	118	0.2831	-225.0974	1.3377	0.5858	0.6356	0.74	2.1045	1.4672	0.8154	-0.4633	2.8373	((((GCGGGTTTCACAATGC-1_contig_2:0.0517710668,GACGGCTCACGTAAGG-1_contig_5:0.0166047513):0.0181311070,(TTAACTCGTTTGTGTG-1_contig_4:0.0570842621,TCATTTGAGTTAGGTA-1_contig_3:0.0667687314):0.0396590110):0.0331104052,CGTTGGGCATGATCCA-1_contig_2:0.0000009855):0.0000004064,86_1064_GERM:0.0000100000);
21_1010	4	118	0.1718	-139.2705	1.3377	0.5858	0.6356	0.74	2.1045	1.4672	0.8154	-0.4633	2.8373	((((GAGTCCGCATACTACG-1_contig_2:0.0083123430,CAGGTGCAGGCTCTTA-1_contig_3:0.0691028642):0.0171007989,TCACGAAAGTACGTAA-1_contig_2:0.0340767209):0.0431681211,CACCACTCACATGTGT-1_contig_4:0.0000017054):0.0000000100,21_1010_GERM:0.0000100000);
21_950	4	118	0.1358	-119.1659	1.3377	0.5858	0.6356	0.74	2.1045	1.4672	0.8154	-0.4633	2.8373	((((GTGGGTCAGAGACTTA-1_contig_1:0.0428633102,GGTGTTAGTGACGGTA-1_contig_3:0.0337692111):0.0168989861,ACCTTTAGTTCCACGG-1_contig_3:0.0085062712):0.0131771416,CCTCTGACACCTGGTG-1_contig_1:0.0206048867):0.0000000100,21_950_GERM:0.0000100000);
277_1306	4	120	0.3728	-265.5041	1.3377	0.5858	0.6356	0.74	2.1045	1.4672	0.8154	-0.4633	2.8373	((((TTAGGACAGCTTCGCG-1_contig_4:0.0817096971,GAAATGAAGCGGATCA-1_contig_2:0.0970911041):0.0584745741,CACACCTGTAAGTGGC-1_contig_2:0.0789572169):0.0093732350,CTACATTAGGACATTA-1_contig_3:0.0471534295):0.0000000100,277_1306_GERM:0.0000100000);
407_1580	4	117	0.2448	-179.5278	1.3377	0.5858	0.6356	0.74	2.1045	1.4672	0.8154	-0.4633	2.8373	((((AGAGCGAAGAGCTTCT-1_contig_3:0.0451644557,CGTTAGAGTCCAAGTT-1_contig_1:0.0960669919):0.0394281624,GATCGATAGAGACTAT-1_contig_1:0.0272254767):0.0143762174,AAGACCTGTGTGCGTC-1_contig_2:0.0224894386):0.0000000100,407_1580_GERM:0.0000100000);
407_2192	4	117	0.2089	-166.4048	1.3377	0.5858	0.6356	0.74	2.1045	1.4672	0.8154	-0.4633	2.8373	(((CCTCTGATCGGCGCAT-1_contig_1:0.0272721322,ACAGCTATCCTGCTTG-1_contig_1:0.0852573169):0.0067526247,(GAACATCGTGTAATGA-1_contig_1:0.0374737435,CTCGAAACAGGACGTA-1_contig_2:0.0435085109):0.0085948603):0.0000000100,407_2192_GERM:0.0000100000);
407_354	4	117	0.226	-173.0781	1.3377	0.5858	0.6356	0.74	2.1045	1.4672	0.8154	-0.4633	2.8373	(((GATCAGTCACTGCCAG-1_contig_2:0.0148887192,CTCACACTCAACCAAC-1_contig_2:0.0242829596):0.0121038184,(CATGGCGGTCCGCTGA-1_contig_2:0.1010879544,AGTAGTCCAAACGTGG-1_contig_2:0.0531153456):0.0204884549):0.0000000100,407_354_GERM:0.0000100000);
480_554	4	121	0.3175	-217.9846	1.3377	0.5858	0.6356	0.74	2.1045	1.4672	0.8154	-0.4633	2.8373	((((GTTAAGCGTTGAGTTC-1_contig_2:0.0083846602,GATGCTATCTGCAGTA-1_contig_2:0.0000000100):0.1974819350,GTTACAGCAGGGTATG-1_contig_2:0.0809284395):0.0000023600,GAGTCCGTCGTACGGC-1_contig_2:0.0306721510):0.0000000100,480_554_GERM:0.0000100000);
717_1227	4	115	0.1953	-146.3477	1.3377	0.5858	0.6356	0.74	2.1045	1.4672	0.8154	-0.4633	2.8373	((((TCTGGAACAAAGTCAA-1_contig_3:0.1215273691,ACTATCTGTCGCCATG-1_contig_2:0.0101327120):0.0285844407,ATTGGTGCATAGTAAG-1_contig_2:0.0174390049):0.0021888695,CACTCCATCACCACCT-1_contig_3:0.0154477192):0.0000000100,717_1227_GERM:0.0000100000);
770_1269	4	116	0.1661	-129.8446	1.3377	0.5858	0.6356	0.74	2.1045	1.4672	0.8154	-0.4633	2.8373	((((GATGAAAGTCGCATCG-1_contig_1:0.0490139591,CTTACCGCACCAACCG-1_contig_1:0.0592805272):0.0227816334,TGGCCAGTCTCGTATT-1_contig_1:0.0173061159):0.0088847336,CTCTACGTCGGTTAAC-1_contig_1:0.0088207596):0.0000009464,770_1269_GERM:0.0000100000);
770_553	4	116	0.1298	-112.2367	1.3377	0.5858	0.6356	0.74	2.1045	1.4672	0.8154	-0.4633	2.8373	((((TAGAGCTGTAGCAAAT-1_contig_1:0.0000010540,CCTACCAGTGTTTGTG-1_contig_1:0.0261508760):0.0585041560,GTTAAGCTCAGAGGTG-1_contig_1:0.0255982320):0.0195419516,ATTACTCAGCGGATCA-1_contig_1:0.0000015868):0.0000000100,770_553_GERM:0.0000100000);
109_4146	3	118	0.1882	-147.0758	1.3377	0.5858	0.6356	0.74	2.1045	1.4672	0.8154	-0.4633	2.8373	(((CGATGTAGTGTTTGTG-1_contig_1:0.0611422155,GGAAAGCAGGTGACCA-1_contig_1:0.0779662990):0.0490568656,CAGCGACGTGGTAACG-1_contig_2:0.0000027326):0.0000000100,109_4146_GERM:0.0000100000);
148_180	3	119	0.17	-140.3147	1.3377	0.5858	0.6356	0.74	2.1045	1.4672	0.8154	-0.4633	2.8373	(((TTCCCAGCACGGCCAT-1_contig_1:0.0771515918,TTTGTCAAGACACGAC-1_contig_1:0.0524333671):0.0161001648,AGTGTCATCTGCGGCA-1_contig_2:0.0243237943):0.0000000100,148_180_GERM:0.0000100000);
148_4322	3	119	0.1876	-148.0172	1.3377	0.5858	0.6356	0.74	2.1045	1.4672	0.8154	-0.4633	2.8373	(((GCGCCAACATCTCGCT-1_contig_1:0.0617214682,GATCGTACATACGCCG-1_contig_1:0.0722774832):0.0536107730,ACGGGCTAGGGAGTAA-1_contig_1:0.0000011821):0.0000000100,148_4322_GERM:0.0000100000);
21_1599	3	118	0.2346	-156.6267	1.3377	0.5858	0.6356	0.74	2.1045	1.4672	0.8154	-0.4633	2.8373	(((AACTCCCCACTGTGTA-1_contig_3:0.0364053931,TCGGTAAAGTGTGAAT-1_contig_5:0.1687511487):0.0122362025,CTCACACGTGTTAAGA-1_contig_2:0.0171696394):0.0000000100,21_1599_GERM:0.0000100000);
211_1695	3	120	0.2021	-153.2584	1.3377	0.5858	0.6356	0.74	2.1045	1.4672	0.8154	-0.4633	2.8373	(((AGAGCTTTCCACGACG-1_contig_2:0.0683374677,CATTCGCTCATGGTCA-1_contig_2:0.0667192435):0.0000011533,GATCGATCAGCTCGCA-1_contig_2:0.0670199413):0.0000000100,211_1695_GERM:0.0000100000);
228_1576	3	119	0.1516	-120.7641	1.3377	0.5858	0.6356	0.74	2.1045	1.4672	0.8154	-0.4633	2.8373	(((TGGGCGTAGGACCACA-1_contig_3:0.0727147485,GACGTGCAGAGACTTA-1_contig_2:0.0244450904):0.0000005244,CTTTGCGTCAGCTCTC-1_contig_3:0.0544367129):0.0000000100,228_1576_GERM:0.0000100000);
38_3074	3	117	0.1456	-117.9453	1.3377	0.5858	0.6356	0.74	2.1045	1.4672	0.8154	-0.4633	2.8373	(((TACTCATTCACGATGT-1_contig_5:0.0619233815,TCATTACAGCTAGTTC-1_contig_2:0.0400271572):0.0149693255,GGCCGATCACGACTCG-1_contig_2:0.0286493177):0.0000000100,38_3074_GERM:0.0000100000);
407_1209	3	117	0.1758	-138.6293	1.3377	0.5858	0.6356	0.74	2.1045	1.4672	0.8154	-0.4633	2.8373	(((TCTCATAGTACAGTGG-1_contig_4:0.0962260306,TGGTTAGTCTTACCTA-1_contig_2:0.0470389224):0.0325389618,CGGACTGCATGCGCAC-1_contig_1:0.0000011926):0.0000000100,407_1209_GERM:0.0000100000);
407_251	3	117	0.1637	-129.0727	1.3377	0.5858	0.6356	0.74	2.1045	1.4672	0.8154	-0.4633	2.8373	(((TCAGGTATCCAAGCCG-1_contig_1:0.0523262230,TTTATGCGTCTGCCAG-1_contig_1:0.0477420292):0.0217255895,TGGCCAGGTGCGGTAA-1_contig_1:0.0418782531):0.0000000100,407_251_GERM:0.0000100000);
480_3985	3	121	0.2424	-181.7885	1.3377	0.5858	0.6356	0.74	2.1045	1.4672	0.8154	-0.4633	2.8373	(((TCATTACAGATGAGAG-1_contig_2:0.1114803894,TAGTGGTCAGGGTTAG-1_contig_2:0.0531489741):0.0356941569,TCACAAGCACGTCTCT-1_contig_5:0.0420794913):0.0000000100,480_3985_GERM:0.0000100000);
86_1461	3	118	0.1819	-151.4477	1.3377	0.5858	0.6356	0.74	2.1045	1.4672	0.8154	-0.4633	2.8373	(((TAGCCGGGTGATGATA-1_contig_2:0.0496058209,GGGACCTCAACTTGAC-1_contig_2:0.0354380233):0.0357479247,CAGATCAAGTCGTTTG-1_contig_2:0.0611291268):0.0000000100,86_1461_GERM:0.0000100000);
86_1774	3	118	0.1902	-149.359	1.3377	0.5858	0.6356	0.74	2.1045	1.4672	0.8154	-0.4633	2.8373	(((GAACGGACATGGGAAC-1_contig_2:0.0238757647,TGCGCAGAGTGAAGAG-1_contig_3:0.0554956262):0.0289828786,CCATTCGCATGCCTTC-1_contig_3:0.0818624964):0.0000000100,86_1774_GERM:0.0000100000);
973_1351	3	122	0.1804	-144.4145	1.3377	0.5858	0.6356	0.74	2.1045	1.4672	0.8154	-0.4633	2.8373	(((GTCAAGTAGGGAAACA-1_contig_1:0.0365603632,CGGTTAAGTCGCTTTC-1_contig_1:0.0860561132):0.0445536151,AACCGCGTCGGAGGTA-1_contig_2:0.0132169338):0.0000000100,973_1351_GERM:0.0000100000);
1066_1095	2	114	0.0275	-33.0767	1.3377	0.5858	0.6356	0.74	2.1045	1.4672	0.8154	-0.4633	2.8373	((GTGCATACAATGTAAG-1_contig_2:0.0060819301,AGACGTTCAAAGCAAT-1_contig_2:0.0214510407):0.0000000100,1066_1095_GERM:0.0000100000);
109_1241	2	118	0.1373	-101.451	1.3377	0.5858	0.6356	0.74	2.1045	1.4672	0.8154	-0.4633	2.8373	((CTACGTCAGAGTCTGG-1_contig_1:0.0858718911,CCATGTCCATTTGCCC-1_contig_2:0.0514719049):0.0000000100,109_1241_GERM:0.0000100000);
109_2432	2	118	0.1123	-90.9991	1.3377	0.5858	0.6356	0.74	2.1045	1.4672	0.8154	-0.4633	2.8373	((TACACGAGTATGCTTG-1_contig_1:0.1110088675,CGGTTAACAAGACACG-1_contig_1:0.0012660326):0.0000000100,109_2432_GERM:0.0000100000);
109_453	2	118	0.1024	-86.146	1.3377	0.5858	0.6356	0.74	2.1045	1.4672	0.8154	-0.4633	2.8373	((CTAAGACAGAAGCCCA-1_contig_1:0.1024294589,CAGTCCTGTACCGGCT-1_contig_1:0.0000013616):0.0000000100,109_453_GERM:0.0000100000);
123_3235	2	119	0.0861	-80.242	1.3377	0.5858	0.6356	0.74	2.1045	1.4672	0.8154	-0.4633	2.8373	((GGGACCTGTCTCATCC-1_contig_1:0.0316479830,TGCCAAATCATTCACT-1_contig_1:0.0544083938):0.0000000100,123_3235_GERM:0.0000100000);
148_347	2	119	0.0943	-78.9473	1.3377	0.5858	0.6356	0.74	2.1045	1.4672	0.8154	-0.4633	2.8373	((CGATCGGTCCGAATGT-1_contig_1:0.0250176623,GTATCTTCACTTAACG-1_contig_1:0.0692397936):0.0000000100,148_347_GERM:0.0000100000);
148_485	2	119	0.1572	-109.9696	1.3377	0.5858	0.6356	0.74	2.1045	1.4672	0.8154	-0.4633	2.8373	((ACTGCTCAGAGGTACC-1_contig_1:0.0000011111,GTCCTCAAGATCGATA-1_contig_1:0.1571772373):0.0000000100,148_485_GERM:0.0000100000);
175_1160	2	119	0.0847	-83.8009	1.3377	0.5858	0.6356	0.74	2.1045	1.4672	0.8154	-0.4633	2.8373	((ATCTGCCAGCCATCGC-1_contig_1:0.0669774741,CACAAACCACGAGAGT-1_contig_1:0.0177311100):0.0000000100,175_1160_GERM:0.0000100000);
175_1719	2	119	0.1198	-105.8718	1.3377	0.5858	0.6356	0.74	2.1045	1.4672	0.8154	-0.4633	2.8373	((ACCAGTACACGCCAGT-1_contig_1:0.0655714338,CACACAAAGCAAATCA-1_contig_1:0.0542759907):0.0000000100,175_1719_GERM:0.0000100000);
175_2223	2	119	0.1127	-92.4143	1.3377	0.5858	0.6356	0.74	2.1045	1.4672	0.8154	-0.4633	2.8373	((ATTATCCTCTACGAGT-1_contig_1:0.0000007049,CATCAGACATACTCTT-1_contig_1:0.1126702372):0.0000000100,175_2223_GERM:0.0000100000);
175_2743	2	119	0.094	-87.9909	1.3377	0.5858	0.6356	0.74	2.1045	1.4672	0.8154	-0.4633	2.8373	((CCTTTCTGTGCATCTA-1_contig_1:0.0773256228,TCAGCAAGTATGGTTC-1_contig_1:0.0166993642):0.0000000100,175_2743_GERM:0.0000100000);
21_1449	2	118	0.0773	-73.8972	1.3377	0.5858	0.6356	0.74	2.1045	1.4672	0.8154	-0.4633	2.8373	((TTTGCGCAGAATGTGT-1_contig_2:0.0641240034,TGCGGGTTCCGGCACA-1_contig_3:0.0131639235):0.0000000100,21_1449_GERM:0.0000100000);
21_1499	2	118	0.1045	-85.0155	1.3377	0.5858	0.6356	0.74	2.1045	1.4672	0.8154	-0.4633	2.8373	((CAGTCCTAGCCTATGT-1_contig_2:0.0125185540,TGCGTGGTCAACACTG-1_contig_4:0.0919677352):0.0000000100,21_1499_GERM:0.0000100000);
21_4760	2	118	0.0433	-49.7837	1.3377	0.5858	0.6356	0.74	2.1045	1.4672	0.8154	-0.4633	2.8373	((TGCACCTAGGGTATCG-1_contig_2:0.0155847101,CGTCTACAGCCTTGAT-1_contig_2:0.0277201022):0.0000000100,21_4760_GERM:0.0000100000);
211_385	2	120	0.1363	-102.2528	1.3377	0.5858	0.6356	0.74	2.1045	1.4672	0.8154	-0.4633	2.8373	((TTCGGTCGTCTAGTCA-1_contig_2:0.1363443504,CTGATCCCACGGACAA-1_contig_4:0.0000010008):0.0000000100,211_385_GERM:0.0000100000);
211_4597	2	120	0.2052	-141.3697	1.3377	0.5858	0.6356	0.74	2.1045	1.4672	0.8154	-0.4633	2.8373	((AGTGTCAGTATTACCG-1_contig_2:0.0327580310,ATAACGCTCAGTGTTG-1_contig_2:0.1724137756):0.0000000100,211_4597_GERM:0.0000100000);
211_924	2	120	0.1194	-101.9066	1.3377	0.5858	0.6356	0.74	2.1045	1.4672	0.8154	-0.4633	2.8373	((CACCTTGCACAGCGTC-1_contig_3:0.1037641870,TATGCCCGTTTACTCT-1_contig_2:0.0155973292):0.0000000100,211_924_GERM:0.0000100000);
277_1619	2	120	0.0676	-79.3574	1.3377	0.5858	0.6356	0.74	2.1045	1.4672	0.8154	-0.4633	2.8373	((CATTCGCCACTCAGGC-1_contig_2:0.0000025334,CGAACATGTCAGCTAT-1_contig_4:0.0675995854):0.0000000100,277_1619_GERM:0.0000100000);
277_1942	2	120	0.1623	-124.7953	1.3377	0.5858	0.6356	0.74	2.1045	1.4672	0.8154	-0.4633	2.8373	((AGCTTGAAGGCCCTCA-1_contig_2:0.1160479712,CGGTTAACAGTCTTCC-1_contig_3:0.0462555371):0.0000000100,277_1942_GERM:0.0000100000);
277_2759	2	120	0.1652	-124.4864	1.3377	0.5858	0.6356	0.74	2.1045	1.4672	0.8154	-0.4633	2.8373	((AGTTGGTGTAGCGTCC-1_contig_2:0.0000018059,GACCTGGAGGCGATAC-1_contig_3:0.1652330450):0.0000000100,277_2759_GERM:0.0000100000);
277_3429	2	120	0.1445	-121.7493	1.3377	0.5858	0.6356	0.74	2.1045	1.4672	0.8154	-0.4633	2.8373	((CTCGTCAGTGTTGGGA-1_contig_3:0.1087249230,CTCGGAGGTCCGCTGA-1_contig_2:0.0358201824):0.0000000100,277_3429_GERM:0.0000100000);
277_380	2	120	0.164	-122.5742	1.3377	0.5858	0.6356	0.74	2.1045	1.4672	0.8154	-0.4633	2.8373	((TCAGGATTCTTGCCGT-1_contig_2:0.1589745631,ACGAGCCGTCCAACTA-1_contig_2:0.0050003565):0.0000000100,277_380_GERM:0.0000100000);
277_879	2	120	0.1194	-102.7625	1.3377	0.5858	0.6356	0.74	2.1045	1.4672	0.8154	-0.4633	2.8373	((CATGACACAGATAATG-1_contig_2:0.0133563616,CTCGAGGGTAGCTGCC-1_contig_3:0.1060546615):0.0000000100,277_879_GERM:0.0000100000);
328_1239	2	117	0.1137	-86.3068	1.3377	0.5858	0.6356	0.74	2.1045	1.4672	0.8154	-0.4633	2.8373	((CGTTCTGTCGTCCGTT-1_contig_1:0.0292382103,ACTATCTGTAAATGTG-1_contig_1:0.0845092963):0.0000000100,328_1239_GERM:0.0000100000);
328_2198	2	117	0.0778	-71.3757	1.3377	0.5858	0.6356	0.74	2.1045	1.4672	0.8154	-0.4633	2.8373	((TGCGGGTAGAACTCGG-1_contig_2:0.0541371382,GCGCGATCAGTACACT-1_contig_2:0.0236264074):0.0000000100,328_2198_GERM:0.0000100000);
328_4168	2	117	0.0697	-65.6925	1.3377	0.5858	0.6356	0.74	2.1045	1.4672	0.8154	-0.4633	2.8373	((TACTTACAGTGGTAGC-1_contig_1:0.0584763430,GTGCTTCGTCCGTCAG-1_contig_1:0.0112513936):0.0000000100,328_4168_GERM:0.0000100000);
38_1164	2	117	0.0779	-56.4794	1.3377	0.5858	0.6356	0.74	2.1045	1.4672	0.8154	-0.4633	2.8373	((CACCACTCACGGTAAG-1_contig_2:0.0000005576,TACGGATGTTCCGTCT-1_contig_4:0.0779230992):0.0000000100,38_1164_GERM:0.0000100000);
38_1614	2	117	0.0959	-78.3416	1.3377	0.5858	0.6356	0.74	2.1045	1.4672	0.8154	-0.4633	2.8373	((ACGGCCACAACTTGAC-1_contig_2:0.0000018288,CAACTAGGTGATGATA-1_contig_3:0.0958510285):0.0000000100,38_1614_GERM:0.0000100000);
38_3065	2	117	0.0607	-54.2232	1.3377	0.5858	0.6356	0.74	2.1045	1.4672	0.8154	-0.4633	2.8373	((GTCATTTTCGTTACGA-1_contig_2:0.0198884123,GGAACTTTCGGAGCAA-1_contig_3:0.0407621750):0.0000000100,38_3065_GERM:0.0000100000);
38_5197	2	117	0.1036	-85.5525	1.3377	0.5858	0.6356	0.74	2.1045	1.4672	0.8154	-0.4633	2.8373	((ACACCCTCAGTAGAGC-1_contig_5:0.0423777943,TCTGAGAGTCCGAACC-1_contig_2:0.0612222022):0.0000000100,38_5197_GERM:0.0000100000);
407_1796	2	117	0.1053	-86.1125	1.3377	0.5858	0.6356	0.74	2.1045	1.4672	0.8154	-0.4633	2.8373	((CCACCTACACGAAACG-1_contig_2:0.0632097188,CTTAACTCATACAGCT-1_contig_2:0.0420806062):0.0000000100,407_1796_GERM:0.0000100000);
407_2254	2	117	0.1049	-82.2284	1.3377	0.5858	0.6356	0.74	2.1045	1.4672	0.8154	-0.4633	2.8373	((TGGCCAGCATTTCACT-1_contig_1:0.0177170233,TGGTTAGCACCAGGCT-1_contig_1:0.0872155519):0.0000000100,407_2254_GERM:0.0000100000);
407_4688	2	117	0.0963	-75.7391	1.3377	0.5858	0.6356	0.74	2.1045	1.4672	0.8154	-0.4633	2.8373	((GCATACAAGAGTCTGG-1_contig_1:0.0963347894,AGTGGGACACGTCTCT-1_contig_1:0.0000014037):0.0000000100,407_4688_GERM:0.0000100000);
407_774	2	117	0.122	-100.3341	1.3377	0.5858	0.6356	0.74	2.1045	1.4672	0.8154	-0.4633	2.8373	((CTACGTCAGAGCAATT-1_contig_1:0.0340980045,TGGCGCAAGACCGGAT-1_contig_1:0.0879242550):0.0000000100,407_774_GERM:0.0000100000);
407_784	2	117	0.124	-99.9103	1.3377	0.5858	0.6356	0.74	2.1045	1.4672	0.8154	-0.4633	2.8373	((CTAACTTCAGCTGTAT-1_contig_1:0.0622055303,AAACGGGTCATCGCTC-1_contig_2:0.0618371448):0.0000000100,407_784_GERM:0.0000100000);
411_1232	2	123	0.1478	-117.3572	1.3377	0.5858	0.6356	0.74	2.1045	1.4672	0.8154	-0.4633	2.8373	((CGAACATGTTTGGCGC-1_contig_4:0.1015587991,CCTTACGGTTCGTGAT-1_contig_2:0.0462306617):0.0000000100,411_1232_GERM:0.0000100000);
47_2846	2	118	0.052	-51.3657	1.3377	0.5858	0.6356	0.74	2.1045	1.4672	0.8154	-0.4633	2.8373	((GGCGTGTGTCGGCACT-1_contig_2:0.0000015753,TGACTTTGTTCGCTAA-1_contig_2:0.0520341151):0.0000000100,47_2846_GERM:0.0000100000);
480_1446	2	121	0.118	-106.1401	1.3377	0.5858	0.6356	0.74	2.1045	1.4672	0.8154	-0.4633	2.8373	((TGTTCCGAGCCTCGTG-1_contig_2:0.1089467865,AAGTCTGGTAAATGAC-1_contig_2:0.0090306049):0.0000000100,480_1446_GERM:0.0000100000);
480_910	2	121	0.1275	-101.5359	1.3377	0.5858	0.6356	0.74	2.1045	1.4672	0.8154	-0.4633	2.8373	((TTTGGTTCAGGTTTCA-1_contig_2:0.1275157550,ACCAGTAAGAGACTAT-1_contig_2:0.0000021149):0.0000000100,480_910_GERM:0.0000100000);
505_1149	2	120	0.1626	-127.4557	1.3377	0.5858	0.6356	0.74	2.1045	1.4672	0.8154	-0.4633	2.8373	((CTGTGCTGTTGATTCG-1_contig_4:0.0164231884,AAGTCTGGTGTTGGGA-1_contig_4:0.1461762633):0.0000000100,505_1149_GERM:0.0000100000);
505_3742	2	120	0.1432	-111.4659	1.3377	0.5858	0.6356	0.74	2.1045	1.4672	0.8154	-0.4633	2.8373	((TCTTCGGTCTTACCTA-1_contig_3:0.0304880943,CAACTAGGTGTCAATC-1_contig_2:0.1126972361):0.0000000100,505_3742_GERM:0.0000100000);
536_2211	2	121	0.1444	-126.7406	1.3377	0.5858	0.6356	0.74	2.1045	1.4672	0.8154	-0.4633	2.8373	((CTGGTCTTCCACTCCA-1_contig_2:0.0831360414,TTGTAGGGTTCCCTTG-1_contig_3:0.0612176657):0.0000000100,536_2211_GERM:0.0000100000);
597_233	2	122	0.1502	-126.0545	1.3377	0.5858	0.6356	0.74	2.1045	1.4672	0.8154	-0.4633	2.8373	((GTGCGGTTCTACGAGT-1_contig_4:0.0591560325,TTCTCAAGTAGAGGAA-1_contig_2:0.0910694084):0.0000000100,597_233_GERM:0.0000100000);
611_544	2	121	0.1795	-128.1797	1.3377	0.5858	0.6356	0.74	2.1045	1.4672	0.8154	-0.4633	2.8373	((GCCAAATAGTGTCTCA-1_contig_3:0.1794852067,CGGGTCATCTGCAGTA-1_contig_2:0.0000011544):0.0000000100,611_544_GERM:0.0000100000);
717_1552	2	115	0.0891	-72.7796	1.3377	0.5858	0.6356	0.74	2.1045	1.4672	0.8154	-0.4633	2.8373	((TGCTACCGTGGCAAAC-1_contig_2:0.0380325174,CTGCGGAAGAAACGCC-1_contig_4:0.0510418630):0.0000000100,717_1552_GERM:0.0000100000);
717_3210	2	115	0.0617	-52.4423	1.3377	0.5858	0.6356	0.74	2.1045	1.4672	0.8154	-0.4633	2.8373	((CTTCTCTAGAGCCCAA-1_contig_2:0.0616621473,ACTTTCATCCCTCTTT-1_contig_3:0.0000014288):0.0000000100,717_3210_GERM:0.0000100000);
717_3322	2	115	0.0707	-67.3742	1.3377	0.5858	0.6356	0.74	2.1045	1.4672	0.8154	-0.4633	2.8373	((GTCGTAATCAGTTGAC-1_contig_2:0.0707276543,CGGAGTCAGCACCGTC-1_contig_2:0.0000017741):0.0000000100,717_3322_GERM:0.0000100000);
717_809	2	115	0.0528	-53.3222	1.3377	0.5858	0.6356	0.74	2.1045	1.4672	0.8154	-0.4633	2.8373	((TAGCCGGTCTGGGCCA-1_contig_2:0.0180626711,CGTAGGCTCGATCCCT-1_contig_2:0.0347798968):0.0000000100,717_809_GERM:0.0000100000);
738_2353	2	116	0.0172	-30.2313	1.3377	0.5858	0.6356	0.74	2.1045	1.4672	0.8154	-0.4633	2.8373	((TCTCTAAGTTAAGACA-1_contig_1:0.0085898047,ACGGCCACAATCGAAA-1_contig_1:0.0085697739):0.0000000100,738_2353_GERM:0.0000100000);
770_1376	2	116	0.0616	-63.8884	1.3377	0.5858	0.6356	0.74	2.1045	1.4672	0.8154	-0.4633	2.8373	((GTGGGTCAGGATGTAT-1_contig_1:0.0024285713,GTTCGGGTCACTTACT-1_contig_1:0.0591253289):0.0000000100,770_1376_GERM:0.0000100000);
770_3478	2	116	0.097	-79.9447	1.3377	0.5858	0.6356	0.74	2.1045	1.4672	0.8154	-0.4633	2.8373	((GCGCAACGTGGCTCCA-1_contig_1:0.0000018487,GGGCACTCACAGACAG-1_contig_1:0.0970046041):0.0000000100,770_3478_GERM:0.0000100000);
818_2837	2	126	0.1388	-132.1004	1.3377	0.5858	0.6356	0.74	2.1045	1.4672	0.8154	-0.4633	2.8373	((ACCGTAACATCCGGGT-1_contig_2:0.0438471603,CTAGTGAGTGAAATCA-1_contig_2:0.0949832138):0.0000000100,818_2837_GERM:0.0000100000);
86_1817	2	118	0.1557	-117.902	1.3377	0.5858	0.6356	0.74	2.1045	1.4672	0.8154	-0.4633	2.8373	((TCGAGGCTCCACTCCA-1_contig_2:0.0971624404,ATAGACCTCGGATGTT-1_contig_2:0.0585774878):0.0000000100,86_1817_GERM:0.0000100000);
86_2833	2	118	0.0858	-81.6967	1.3377	0.5858	0.6356	0.74	2.1045	1.4672	0.8154	-0.4633	2.8373	((CGGACTGCACATCTTT-1_contig_2:0.0543319822,TACACGACATGCTAGT-1_contig_2:0.0314699879):0.0000000100,86_2833_GERM:0.0000100000);
86_2929	2	118	0.1128	-95.5325	1.3377	0.5858	0.6356	0.74	2.1045	1.4672	0.8154	-0.4633	2.8373	((AGGTCCGGTATAAACG-1_contig_2:0.0459993819,AGCTCCTAGTCAATAG-1_contig_2:0.0667654625):0.0000000100,86_2929_GERM:0.0000100000);
86_2985	2	118	0.0682	-73.8302	1.3377	0.5858	0.6356	0.74	2.1045	1.4672	0.8154	-0.4633	2.8373	((ATCATCTGTTCTGAAC-1_contig_2:0.0282944279,AGGTCCGAGTTCCACA-1_contig_2:0.0398817462):0.0000000100,86_2985_GERM:0.0000100000);
86_3265	2	118	0.1298	-101.7685	1.3377	0.5858	0.6356	0.74	2.1045	1.4672	0.8154	-0.4633	2.8373	((CTTCTCTGTATCACCA-1_contig_2:0.1136395690,CAGCGACTCCATGCTC-1_contig_4:0.0161542935):0.0000000100,86_3265_GERM:0.0000100000);
1043_4851	2	114	0	-6.9677	1.3377	0.5858	0.6356	0.74	2.1045	1.4672	0.8154	-0.4633	2.8373	((CAAGAAATCATAGCAC-1_contig_2:0.0000007086,CAAGAAATCATAGCAC-1_contig_2_1:0.0000007086):0.0000000100,1043_4851_GERM:0.0000100000);
1066_3223	2	114	0	-5.6891	1.3377	0.5858	0.6356	0.74	2.1045	1.4672	0.8154	-0.4633	2.8373	((CTCGAGGAGACTGTAA-1_contig_2:0.0000007086,CTCGAGGAGACTGTAA-1_contig_2_1:0.0000007086):0.0000000100,1066_3223_GERM:0.0000100000);
1066_333	2	114	0.0187	-23.0568	1.3377	0.5858	0.6356	0.74	2.1045	1.4672	0.8154	-0.4633	2.8373	((ATCTACTAGAACTCGG-1_contig_2:0.0000000100,ATCTACTAGAACTCGG-1_contig_2_1:0.0000006207):0.0186622693,1066_333_GERM:0.0000100000);
1066_4308	2	102	0.0101	-15.9629	1.3377	0.5858	0.6356	0.74	2.1045	1.4672	0.8154	-0.4633	2.8373	((GGACAGAGTCCATGAT-1_contig_4:0.0000007086,GGACAGAGTCCATGAT-1_contig_4_1:0.0000007086):0.0101024249,1066_4308_GERM:0.0000100000);
1066_4385	2	114	0	-17.1463	1.3377	0.5858	0.6356	0.74	2.1045	1.4672	0.8154	-0.4633	2.8373	((GAAGCAGTCGGACAAG-1_contig_2:0.0000007086,GAAGCAGTCGGACAAG-1_contig_2_1:0.0000007086):0.0000000100,1066_4385_GERM:0.0000100000);
1066_5019	2	114	0	-9.6241	1.3377	0.5858	0.6356	0.74	2.1045	1.4672	0.8154	-0.4633	2.8373	((AGGCCACGTTGTGGAG-1_contig_2:0.0000007086,AGGCCACGTTGTGGAG-1_contig_2_1:0.0000007086):0.0000000100,1066_5019_GERM:0.0000100000);
1066_5081	2	114	0	-14.0032	1.3377	0.5858	0.6356	0.74	2.1045	1.4672	0.8154	-0.4633	2.8373	((GACCTGGCAAACAACA-1_contig_2:0.0000007086,GACCTGGCAAACAACA-1_contig_2_1:0.0000007086):0.0000000100,1066_5081_GERM:0.0000100000);
1066_5160	2	114	0	-13.5289	1.3377	0.5858	0.6356	0.74	2.1045	1.4672	0.8154	-0.4633	2.8373	((AACTCTTAGTCTTGCA-1_contig_2:0.0000007086,AACTCTTAGTCTTGCA-1_contig_2_1:0.0000007086):0.0000000100,1066_5160_GERM:0.0000100000);
1066_5394	2	79	0	-8.745	1.3377	0.5858	0.6356	0.74	2.1045	1.4672	0.8154	-0.4633	2.8373	((GTTAAGCAGTCGTACT-1_contig_3:0.0000007086,GTTAAGCAGTCGTACT-1_contig_3_1:0.0000007086):0.0000000100,1066_5394_GERM:0.0000100000);
1066_5496	2	114	0	-10.3102	1.3377	0.5858	0.6356	0.74	2.1045	1.4672	0.8154	-0.4633	2.8373	((AGGGTGACAGGCTCAC-1_contig_3:0.0000007086,AGGGTGACAGGCTCAC-1_contig_3_1:0.0000007086):0.0000000100,1066_5496_GERM:0.0000100000);
1066_5539	2	114	0	-11.5077	1.3377	0.5858	0.6356	0.74	2.1045	1.4672	0.8154	-0.4633	2.8373	((AGATCTGAGAGTAATC-1_contig_1:0.0000007086,AGATCTGAGAGTAATC-1_contig_1_1:0.0000007086):0.0000000100,1066_5539_GERM:0.0000100000);
1066_572	2	114	0	-6.8378	1.3377	0.5858	0.6356	0.74	2.1045	1.4672	0.8154	-0.4633	2.8373	((TGTTCCGTCCGTTGTC-1_contig_2:0.0000007086,TGTTCCGTCCGTTGTC-1_contig_2_1:0.0000007086):0.0000000100,1066_572_GERM:0.0000100000);
1071_4136	2	113	0	-0.0001	1.3377	0.5858	0.6356	0.74	2.1045	1.4672	0.8154	-0.4633	2.8373	((CAACCAACACGTCAGC-1_contig_2:0.0000004398,CAACCAACACGTCAGC-1_contig_2_1:0.0000004398):0.0000004398,1071_4136_GERM:0.0000100000);
1072_225	2	116	0	-48.2782	1.3377	0.5858	0.6356	0.74	2.1045	1.4672	0.8154	-0.4633	2.8373	((GCTGGGTCAGTCTTCC-1_contig_1:0.0000004398,GCTGGGTCAGTCTTCC-1_contig_1_1:0.0000004398):0.0000004398,1072_225_GERM:0.0000100000);
109_165	2	118	0.0114	-25.533	1.3377	0.5858	0.6356	0.74	2.1045	1.4672	0.8154	-0.4633	2.8373	((AACTCTTGTAGCGTGA-1_contig_2:0.0000000100,AACTCTTGTAGCGTGA-1_contig_2_1:0.0000010080):0.0113864067,109_165_GERM:0.0000100000);
109_1999	2	118	0	-24.3384	1.3377	0.5858	0.6356	0.74	2.1045	1.4672	0.8154	-0.4633	2.8373	((CGGACTGAGTGAATTG-1_contig_1:0.0000004398,CGGACTGAGTGAATTG-1_contig_1_1:0.0000004398):0.0000004398,109_1999_GERM:0.0000100000);
109_2120	2	118	0.0183	-31.1805	1.3377	0.5858	0.6356	0.74	2.1045	1.4672	0.8154	-0.4633	2.8373	((CCACCTAGTGAGTGAC-1_contig_1:0.0000006441,CCACCTAGTGAGTGAC-1_contig_1_1:0.0000000100):0.0182867832,109_2120_GERM:0.0000100000);
109_2279	2	118	0	-10.4838	1.3377	0.5858	0.6356	0.74	2.1045	1.4672	0.8154	-0.4633	2.8373	((CTAGCCTCATGGAATA-1_contig_2:0.0000004398,CTAGCCTCATGGAATA-1_contig_2_1:0.0000004398):0.0000004398,109_2279_GERM:0.0000100000);
109_2372	2	118	0.0099	-31.6712	1.3377	0.5858	0.6356	0.74	2.1045	1.4672	0.8154	-0.4633	2.8373	((AGCTCCTGTGAGCGAT-1_contig_1:0.0000004398,AGCTCCTGTGAGCGAT-1_contig_1_1:0.0000004398):0.0099143785,109_2372_GERM:0.0000100000);
109_2527	2	118	0	-33.4373	1.3377	0.5858	0.6356	0.74	2.1045	1.4672	0.8154	-0.4633	2.8373	((GACACGCTCAGGTTCA-1_contig_2:0.0000004398,GACACGCTCAGGTTCA-1_contig_2_1:0.0000004398):0.0000004398,109_2527_GERM:0.0000100000);
109_2696	2	118	0	-20.9182	1.3377	0.5858	0.6356	0.74	2.1045	1.4672	0.8154	-0.4633	2.8373	((TGTGGTAAGCTGAAAT-1_contig_1:0.0000004398,TGTGGTAAGCTGAAAT-1_contig_1_1:0.0000004398):0.0000004398,109_2696_GERM:0.0000100000);
109_2699	2	118	0	-23.5998	1.3377	0.5858	0.6356	0.74	2.1045	1.4672	0.8154	-0.4633	2.8373	((TTGCGTCAGACTGTAA-1_contig_1:0.0000004398,TTGCGTCAGACTGTAA-1_contig_1_1:0.0000004398):0.0000004398,109_2699_GERM:0.0000100000);
109_3117	2	118	0	-14.5908	1.3377	0.5858	0.6356	0.74	2.1045	1.4672	0.8154	-0.4633	2.8373	((TCTCATATCCATGCTC-1_contig_1:0.0000004398,TCTCATATCCATGCTC-1_contig_1_1:0.0000004398):0.0000004398,109_3117_GERM:0.0000100000);
109_5451	2	118	0	-24.3384	1.3377	0.5858	0.6356	0.74	2.1045	1.4672	0.8154	-0.4633	2.8373	((AACCATGAGTCAAGGC-1_contig_1:0.0000004398,AACCATGAGTCAAGGC-1_contig_1_1:0.0000004398):0.0000004398,109_5451_GERM:0.0000100000);
109_883	2	118	0	-21.5249	1.3377	0.5858	0.6356	0.74	2.1045	1.4672	0.8154	-0.4633	2.8373	((GAATAAGCAGGCTGAA-1_contig_1:0.0000004398,GAATAAGCAGGCTGAA-1_contig_1_1:0.0000004398):0.0000004398,109_883_GERM:0.0000100000);
1113_4341	2	129	0	-73.4057	1.3377	0.5858	0.6356	0.74	2.1045	1.4672	0.8154	-0.4633	2.8373	((GCGCAACAGACAAAGG-1_contig_2:0.0000004398,GCGCAACAGACAAAGG-1_contig_2_1:0.0000004398):0.0000004398,1113_4341_GERM:0.0000100000);
123_2095	2	119	0.0308	-39.2702	1.3377	0.5858	0.6356	0.74	2.1045	1.4672	0.8154	-0.4633	2.8373	((TTGGCAAGTCGAATCT-1_contig_1:0.0000006733,TTGGCAAGTCGAATCT-1_contig_1_1:0.0000000100):0.0308267371,123_2095_GERM:0.0000100000);
123_3190	2	119	0	-33.3074	1.3377	0.5858	0.6356	0.74	2.1045	1.4672	0.8154	-0.4633	2.8373	((GTGCAGCAGGGAAACA-1_contig_1:0.0000004398,GTGCAGCAGGGAAACA-1_contig_1_1:0.0000004398):0.0000004398,123_3190_GERM:0.0000100000);
123_4118	2	119	0	-37.182	1.3377	0.5858	0.6356	0.74	2.1045	1.4672	0.8154	-0.4633	2.8373	((TCTGGAAGTCCATGAT-1_contig_1:0.0000004398,TCTGGAAGTCCATGAT-1_contig_1_1:0.0000004398):0.0000004398,123_4118_GERM:0.0000100000);
148_1642	2	119	0	-25.8465	1.3377	0.5858	0.6356	0.74	2.1045	1.4672	0.8154	-0.4633	2.8373	((TAGCCGGAGAACAATC-1_contig_1:0.0000004398,TAGCCGGAGAACAATC-1_contig_1_1:0.0000004398):0.0000004398,148_1642_GERM:0.0000100000);
148_2033	2	119	0	-22.489	1.3377	0.5858	0.6356	0.74	2.1045	1.4672	0.8154	-0.4633	2.8373	((TGGTTAGCACCCTATC-1_contig_1:0.0000004398,TGGTTAGCACCCTATC-1_contig_1_1:0.0000004398):0.0000004398,148_2033_GERM:0.0000100000);
148_2287	2	119	0	-30.3472	1.3377	0.5858	0.6356	0.74	2.1045	1.4672	0.8154	-0.4633	2.8373	((CTTGGCTCACGCCAGT-1_contig_1:0.0000004398,CTTGGCTCACGCCAGT-1_contig_1_1:0.0000004398):0.0000004398,148_2287_GERM:0.0000100000);
148_2865	2	119	0	-25.5712	1.3377	0.5858	0.6356	0.74	2.1045	1.4672	0.8154	-0.4633	2.8373	((TTTGCGCCACCGAATT-1_contig_1:0.0000004398,TTTGCGCCACCGAATT-1_contig_1_1:0.0000004398):0.0000004398,148_2865_GERM:0.0000100000);
148_298	2	119	0	-24.8232	1.3377	0.5858	0.6356	0.74	2.1045	1.4672	0.8154	-0.4633	2.8373	((CTAGTGAAGGCTATCT-1_contig_1:0.0000004398,CTAGTGAAGGCTATCT-1_contig_1_1:0.0000004398):0.0000004398,148_298_GERM:0.0000100000);
148_3165	2	119	0.01	-34.8738	1.3377	0.5858	0.6356	0.74	2.1045	1.4672	0.8154	-0.4633	2.8373	((ATCACGATCCTCCTAG-1_contig_1:0.0000004398,ATCACGATCCTCCTAG-1_contig_1_1:0.0000004398):0.0100008523,148_3165_GERM:0.0000100000);
148_3769	2	119	0	-29.1122	1.3377	0.5858	0.6356	0.74	2.1045	1.4672	0.8154	-0.4633	2.8373	((GTGCTTCCATTCTCAT-1_contig_1:0.0000004398,GTGCTTCCATTCTCAT-1_contig_1_1:0.0000004398):0.0000004398,148_3769_GERM:0.0000100000);
148_3839	2	119	0	-27.5125	1.3377	0.5858	0.6356	0.74	2.1045	1.4672	0.8154	-0.4633	2.8373	((CCGTTCACACTTCGAA-1_contig_1:0.0000004398,CCGTTCACACTTCGAA-1_contig_1_1:0.0000004398):0.0000004398,148_3839_GERM:0.0000100000);
148_443	2	119	0	-23.4426	1.3377	0.5858	0.6356	0.74	2.1045	1.4672	0.8154	-0.4633	2.8373	((AAGACCTGTAAGGATT-1_contig_1:0.0000004398,AAGACCTGTAAGGATT-1_contig_1_1:0.0000004398):0.0000004398,148_443_GERM:0.0000100000);
148_794	2	119	0.1143	-86.2229	1.3377	0.5858	0.6356	0.74	2.1045	1.4672	0.8154	-0.4633	2.8373	((AGTAGTCGTTCGAATC-1_contig_1:0.0000009884,AGTAGTCGTTCGAATC-1_contig_1_1:0.0000000100):0.1143456758,148_794_GERM:0.0000100000);
175_1299	2	119	0.0102	-40.279	1.3377	0.5858	0.6356	0.74	2.1045	1.4672	0.8154	-0.4633	2.8373	((CGACTTCCATTGGGCC-1_contig_2:0.0000000100,CGACTTCCATTGGGCC-1_contig_2_1:0.0000008859):0.0102072998,175_1299_GERM:0.0000100000);
175_1965	2	119	0	-32.9709	1.3377	0.5858	0.6356	0.74	2.1045	1.4672	0.8154	-0.4633	2.8373	((GTAGGCCTCTTCGAGA-1_contig_2:0.0000004398,GTAGGCCTCTTCGAGA-1_contig_2_1:0.0000004398):0.0000004398,175_1965_GERM:0.0000100000);
175_2121	2	119	0	-27.9572	1.3377	0.5858	0.6356	0.74	2.1045	1.4672	0.8154	-0.4633	2.8373	((CCTTTCTCACAGGTTT-1_contig_1:0.0000004398,CCTTTCTCACAGGTTT-1_contig_1_1:0.0000004398):0.0000004398,175_2121_GERM:0.0000100000);
175_2363	2	119	0	-27.7227	1.3377	0.5858	0.6356	0.74	2.1045	1.4672	0.8154	-0.4633	2.8373	((TTTATGCGTTCGCTAA-1_contig_1:0.0000004398,TTTATGCGTTCGCTAA-1_contig_1_1:0.0000004398):0.0000004398,175_2363_GERM:0.0000100000);
175_2881	2	119	0	-28.7014	1.3377	0.5858	0.6356	0.74	2.1045	1.4672	0.8154	-0.4633	2.8373	((ATTGGACGTAAATACG-1_contig_1:0.0000004398,ATTGGACGTAAATACG-1_contig_1_1:0.0000004398):0.0000004398,175_2881_GERM:0.0000100000);
175_3059	2	119	0	-37.1218	1.3377	0.5858	0.6356	0.74	2.1045	1.4672	0.8154	-0.4633	2.8373	((CGTGTCTCATCACGTA-1_contig_1:0.0000004398,CGTGTCTCATCACGTA-1_contig_1_1:0.0000004398):0.0000004398,175_3059_GERM:0.0000100000);
175_3446	2	119	0	-29.2294	1.3377	0.5858	0.6356	0.74	2.1045	1.4672	0.8154	-0.4633	2.8373	((TTTGTCAGTTCGGCAC-1_contig_1:0.0000004398,TTTGTCAGTTCGGCAC-1_contig_1_1:0.0000004398):0.0000004398,175_3446_GERM:0.0000100000);
175_3537	2	119	0	-37.0519	1.3377	0.5858	0.6356	0.74	2.1045	1.4672	0.8154	-0.4633	2.8373	((AACTCCCAGCAAATCA-1_contig_1:0.0000004398,AACTCCCAGCAAATCA-1_contig_1_1:0.0000004398):0.0000004398,175_3537_GERM:0.0000100000);
175_3785	2	119	0	-22.7437	1.3377	0.5858	0.6356	0.74	2.1045	1.4672	0.8154	-0.4633	2.8373	((ACTGATGAGTCCAGGA-1_contig_1:0.0000004398,ACTGATGAGTCCAGGA-1_contig_1_1:0.0000004398):0.0000004398,175_3785_GERM:0.0000100000);
175_3831	2	119	0	-26.8856	1.3377	0.5858	0.6356	0.74	2.1045	1.4672	0.8154	-0.4633	2.8373	((AGAATAGTCTCGTATT-1_contig_1:0.0000004398,AGAATAGTCTCGTATT-1_contig_1_1:0.0000004398):0.0000004398,175_3831_GERM:0.0000100000);
175_4217	2	119	0.0112	-36.6729	1.3377	0.5858	0.6356	0.74	2.1045	1.4672	0.8154	-0.4633	2.8373	((TAGACCATCCGTTGTC-1_contig_1:0.0000000100,TAGACCATCCGTTGTC-1_contig_1_1:0.0000008832):0.0112105431,175_4217_GERM:0.0000100000);
175_4371	2	119	0	-28.7677	1.3377	0.5858	0.6356	0.74	2.1045	1.4672	0.8154	-0.4633	2.8373	((ATTGGACAGTACTTGC-1_contig_1:0.0000004398,ATTGGACAGTACTTGC-1_contig_1_1:0.0000004398):0.0000004398,175_4371_GERM:0.0000100000);
175_4782	2	119	0	-30.6829	1.3377	0.5858	0.6356	0.74	2.1045	1.4672	0.8154	-0.4633	2.8373	((GATCGTAGTCTAGCCG-1_contig_1:0.0000004398,GATCGTAGTCTAGCCG-1_contig_1_1:0.0000004398):0.0000004398,175_4782_GERM:0.0000100000);
175_4946	2	119	0	-36.4724	1.3377	0.5858	0.6356	0.74	2.1045	1.4672	0.8154	-0.4633	2.8373	((CTCGGAGCATCTGGTA-1_contig_1:0.0000004398,CTCGGAGCATCTGGTA-1_contig_1_1:0.0000004398):0.0000004398,175_4946_GERM:0.0000100000);
175_5099	2	119	0	-30.2723	1.3377	0.5858	0.6356	0.74	2.1045	1.4672	0.8154	-0.4633	2.8373	((TGTATTCCACAGGTTT-1_contig_1:0.0000004398,TGTATTCCACAGGTTT-1_contig_1_1:0.0000004398):0.0000004398,175_5099_GERM:0.0000100000);
175_5199	2	119	0	-30.2687	1.3377	0.5858	0.6356	0.74	2.1045	1.4672	0.8154	-0.4633	2.8373	((TGCCCATAGTACGTTC-1_contig_1:0.0000004398,TGCCCATAGTACGTTC-1_contig_1_1:0.0000004398):0.0000004398,175_5199_GERM:0.0000100000);
175_5203	2	119	0	-31.9305	1.3377	0.5858	0.6356	0.74	2.1045	1.4672	0.8154	-0.4633	2.8373	((AACCATGCAATGGACG-1_contig_1:0.0000004398,AACCATGCAATGGACG-1_contig_1_1:0.0000004398):0.0000004398,175_5203_GERM:0.0000100000);
175_5401	2	119	0.0089	-35.5167	1.3377	0.5858	0.6356	0.74	2.1045	1.4672	0.8154	-0.4633	2.8373	((TGACGGCCATGTCTCC-1_contig_2:0.0000000100,TGACGGCCATGTCTCC-1_contig_2_1:0.0000008868):0.0088639940,175_5401_GERM:0.0000100000);
175_860	2	119	0	-28.5957	1.3377	0.5858	0.6356	0.74	2.1045	1.4672	0.8154	-0.4633	2.8373	((ATTGGACGTGATAAGT-1_contig_1:0.0000004398,ATTGGACGTGATAAGT-1_contig_1_1:0.0000004398):0.0000004398,175_860_GERM:0.0000100000);
21_125	2	118	0	-15.2169	1.3377	0.5858	0.6356	0.74	2.1045	1.4672	0.8154	-0.4633	2.8373	((GAGTCCGGTCCATCCT-1_contig_2:0.0000004398,GAGTCCGGTCCATCCT-1_contig_2_1:0.0000004398):0.0000004398,21_125_GERM:0.0000100000);
21_162	2	118	0	-16.3995	1.3377	0.5858	0.6356	0.74	2.1045	1.4672	0.8154	-0.4633	2.8373	((TTCGGTCCAAAGAATC-1_contig_3:0.0000004398,TTCGGTCCAAAGAATC-1_contig_3_1:0.0000004398):0.0000004398,21_162_GERM:0.0000100000);
21_2150	2	118	0	-22.4261	1.3377	0.5858	0.6356	0.74	2.1045	1.4672	0.8154	-0.4633	2.8373	((TGCGTGGAGGGTTTCT-1_contig_2:0.0000004398,TGCGTGGAGGGTTTCT-1_contig_2_1:0.0000004398):0.0000004398,21_2150_GERM:0.0000100000);
21_248	2	118	0	-24.038	1.3377	0.5858	0.6356	0.74	2.1045	1.4672	0.8154	-0.4633	2.8373	((TTCGGTCCATACGCCG-1_contig_2:0.0000004398,TTCGGTCCATACGCCG-1_contig_2_1:0.0000004398):0.0000004398,21_248_GERM:0.0000100000);
21_2720	2	118	0	-20.3052	1.3377	0.5858	0.6356	0.74	2.1045	1.4672	0.8154	-0.4633	2.8373	((CCTCTGAGTTCAGTAC-1_contig_2:0.0000004398,CCTCTGAGTTCAGTAC-1_contig_2_1:0.0000004398):0.0000004398,21_2720_GERM:0.0000100000);
21_295	2	118	0	-14.4664	1.3377	0.5858	0.6356	0.74	2.1045	1.4672	0.8154	-0.4633	2.8373	((CGTTCTGGTACCGGCT-1_contig_2:0.0000004398,CGTTCTGGTACCGGCT-1_contig_2_1:0.0000004398):0.0000004398,21_295_GERM:0.0000100000);
21_3374	2	118	0	-24.4818	1.3377	0.5858	0.6356	0.74	2.1045	1.4672	0.8154	-0.4633	2.8373	((CGGACACCACTGTCGG-1_contig_2:0.0000004398,CGGACACCACTGTCGG-1_contig_2_1:0.0000004398):0.0000004398,21_3374_GERM:0.0000100000);
21_3850	2	118	0	-14.0656	1.3377	0.5858	0.6356	0.74	2.1045	1.4672	0.8154	-0.4633	2.8373	((GGAAAGCAGTGGTAGC-1_contig_2:0.0000004398,GGAAAGCAGTGGTAGC-1_contig_2_1:0.0000004398):0.0000004398,21_3850_GERM:0.0000100000);
21_3871	2	118	0	-14.9825	1.3377	0.5858	0.6356	0.74	2.1045	1.4672	0.8154	-0.4633	2.8373	((AGATCTGGTAGAAAGG-1_contig_2:0.0000004398,AGATCTGGTAGAAAGG-1_contig_2_1:0.0000004398):0.0000004398,21_3871_GERM:0.0000100000);
21_3889	2	118	0	-22.8156	1.3377	0.5858	0.6356	0.74	2.1045	1.4672	0.8154	-0.4633	2.8373	((GCTTGAATCTGCTGCT-1_contig_2:0.0000004398,GCTTGAATCTGCTGCT-1_contig_2_1:0.0000004398):0.0000004398,21_3889_GERM:0.0000100000);
21_395	2	118	0.0115	-30.6897	1.3377	0.5858	0.6356	0.74	2.1045	1.4672	0.8154	-0.4633	2.8373	((ACTGTCCTCTTGCCGT-1_contig_2:0.0000004398,ACTGTCCTCTTGCCGT-1_contig_2_1:0.0000004398):0.0115450749,21_395_GERM:0.0000100000);
21_4534	2	118	0	-25.9998	1.3377	0.5858	0.6356	0.74	2.1045	1.4672	0.8154	-0.4633	2.8373	((TGGCCAGCAAGAGTCG-1_contig_2:0.0000004398,TGGCCAGCAAGAGTCG-1_contig_2_1:0.0000004398):0.0000004398,21_4534_GERM:0.0000100000);
21_4608	2	118	0	-26.2414	1.3377	0.5858	0.6356	0.74	2.1045	1.4672	0.8154	-0.4633	2.8373	((CCACCTAAGAGTCTGG-1_contig_2:0.0000004398,CCACCTAAGAGTCTGG-1_contig_2_1:0.0000004398):0.0000004398,21_4608_GERM:0.0000100000);
21_4665	2	118	0	-26.3662	1.3377	0.5858	0.6356	0.74	2.1045	1.4672	0.8154	-0.4633	2.8373	((GCGACCACAGTTCATG-1_contig_2:0.0000004398,GCGACCACAGTTCATG-1_contig_2_1:0.0000004398):0.0000004398,21_4665_GERM:0.0000100000);
21_5098	2	118	0	-22.9043	1.3377	0.5858	0.6356	0.74	2.1045	1.4672	0.8154	-0.4633	2.8373	((TGGCTGGAGTGTGAAT-1_contig_2:0.0000004398,TGGCTGGAGTGTGAAT-1_contig_2_1:0.0000004398):0.0000004398,21_5098_GERM:0.0000100000);
21_590	2	118	0	-24.9061	1.3377	0.5858	0.6356	0.74	2.1045	1.4672	0.8154	-0.4633	2.8373	((ACTGCTCGTATGGTTC-1_contig_3:0.0000004398,ACTGCTCGTATGGTTC-1_contig_3_1:0.0000004398):0.0000004398,21_590_GERM:0.0000100000);
21_730	2	118	0	-24.2636	1.3377	0.5858	0.6356	0.74	2.1045	1.4672	0.8154	-0.4633	2.8373	((AGAGCGAGTTAAAGAC-1_contig_2:0.0000004398,AGAGCGAGTTAAAGAC-1_contig_2_1:0.0000004398):0.0000004398,21_730_GERM:0.0000100000);
211_1008	2	120	0	-28.5287	1.3377	0.5858	0.6356	0.74	2.1045	1.4672	0.8154	-0.4633	2.8373	((TAGAGCTCATTAGGCT-1_contig_2:0.0000004398,TAGAGCTCATTAGGCT-1_contig_2_1:0.0000004398):0.0000004398,211_1008_GERM:0.0000100000);
211_1284	2	120	0	-29.1248	1.3377	0.5858	0.6356	0.74	2.1045	1.4672	0.8154	-0.4633	2.8373	((ATCATGGCAGACAAGC-1_contig_3:0.0000004398,ATCATGGCAGACAAGC-1_contig_3_1:0.0000004398):0.0000004398,211_1284_GERM:0.0000100000);
211_1375	2	120	0	-25.2766	1.3377	0.5858	0.6356	0.74	2.1045	1.4672	0.8154	-0.4633	2.8373	((GTACTCCAGGGTTTCT-1_contig_2:0.0000004398,GTACTCCAGGGTTTCT-1_contig_2_1:0.0000004398):0.0000004398,211_1375_GERM:0.0000100000);
211_2100	2	120	0	-28.6814	1.3377	0.5858	0.6356	0.74	2.1045	1.4672	0.8154	-0.4633	2.8373	((ACATGGTAGGGAAACA-1_contig_2:0.0000004398,ACATGGTAGGGAAACA-1_contig_2_1:0.0000004398):0.0000004398,211_2100_GERM:0.0000100000);
211_4324	2	120	0	-32.7118	1.3377	0.5858	0.6356	0.74	2.1045	1.4672	0.8154	-0.4633	2.8373	((AGCGTATCAGGGCATA-1_contig_2:0.0000004398,AGCGTATCAGGGCATA-1_contig_2_1:0.0000004398):0.0000004398,211_4324_GERM:0.0000100000);
211_4526	2	120	0	-28.3052	1.3377	0.5858	0.6356	0.74	2.1045	1.4672	0.8154	-0.4633	2.8373	((TACTCGCAGCACCGTC-1_contig_2:0.0000004398,TACTCGCAGCACCGTC-1_contig_2_1:0.0000004398):0.0000004398,211_4526_GERM:0.0000100000);
228_1615	2	119	0	-20.9718	1.3377	0.5858	0.6356	0.74	2.1045	1.4672	0.8154	-0.4633	2.8373	((CAAGTTGTCGTAGATC-1_contig_2:0.0000004398,CAAGTTGTCGTAGATC-1_contig_2_1:0.0000004398):0.0000004398,228_1615_GERM:0.0000100000);
228_3529	2	119	0	-22.2782	1.3377	0.5858	0.6356	0.74	2.1045	1.4672	0.8154	-0.4633	2.8373	((TACGGTAAGCACGCCT-1_contig_2:0.0000004398,TACGGTAAGCACGCCT-1_contig_2_1:0.0000004398):0.0000004398,228_3529_GERM:0.0000100000);
228_3713	2	119	0	-28.4639	1.3377	0.5858	0.6356	0.74	2.1045	1.4672	0.8154	-0.4633	2.8373	((GCTGCAGGTACAGTTC-1_contig_2:0.0000004398,GCTGCAGGTACAGTTC-1_contig_2_1:0.0000004398):0.0000004398,228_3713_GERM:0.0000100000);
228_4258	2	119	0	-33.3886	1.3377	0.5858	0.6356	0.74	2.1045	1.4672	0.8154	-0.4633	2.8373	((CTTACCGGTCTCTTTA-1_contig_3:0.0000004398,CTTACCGGTCTCTTTA-1_contig_3_1:0.0000004398):0.0000004398,228_4258_GERM:0.0000100000);
228_4999	2	119	0	-40.0752	1.3377	0.5858	0.6356	0.74	2.1045	1.4672	0.8154	-0.4633	2.8373	((GTACTTTCAAATTGCC-1_contig_2:0.0000004398,GTACTTTCAAATTGCC-1_contig_2_1:0.0000004398):0.0000004398,228_4999_GERM:0.0000100000);
243_1215	2	120	0	-29.3904	1.3377	0.5858	0.6356	0.74	2.1045	1.4672	0.8154	-0.4633	2.8373	((ACATCAGCACAAGTAA-1_contig_2:0.0000004398,ACATCAGCACAAGTAA-1_contig_2_1:0.0000004398):0.0000004398,243_1215_GERM:0.0000100000);
243_2014	2	120	0	-25.1667	1.3377	0.5858	0.6356	0.74	2.1045	1.4672	0.8154	-0.4633	2.8373	((GCCTCTACACAGGAGT-1_contig_2:0.0000004398,GCCTCTACACAGGAGT-1_contig_2_1:0.0000004398):0.0000004398,243_2014_GERM:0.0000100000);
243_244	2	120	0	-26.7738	1.3377	0.5858	0.6356	0.74	2.1045	1.4672	0.8154	-0.4633	2.8373	((TGGGAAGTCCACTGGG-1_contig_2:0.0000004398,TGGGAAGTCCACTGGG-1_contig_2_1:0.0000004398):0.0000004398,243_244_GERM:0.0000100000);
243_4588	2	120	0	-19.5071	1.3377	0.5858	0.6356	0.74	2.1045	1.4672	0.8154	-0.4633	2.8373	((TTAGTTCTCTTTACGT-1_contig_3:0.0000004398,TTAGTTCTCTTTACGT-1_contig_3_1:0.0000004398):0.0000004398,243_4588_GERM:0.0000100000);
243_4606	2	120	0.0513	-66.092	1.3377	0.5858	0.6356	0.74	2.1045	1.4672	0.8154	-0.4633	2.8373	((CATCAGATCGTTTAGG-1_contig_4:0.0000000100,CATCAGATCGTTTAGG-1_contig_4_1:0.0000008997):0.0512700982,243_4606_GERM:0.0000100000);
243_96	2	120	0	-27.0862	1.3377	0.5858	0.6356	0.74	2.1045	1.4672	0.8154	-0.4633	2.8373	((ACGTCAAAGCGTAGTG-1_contig_4:0.0000004398,ACGTCAAAGCGTAGTG-1_contig_4_1:0.0000004398):0.0000004398,243_96_GERM:0.0000100000);
259_3595	2	120	0.0271	-48.067	1.3377	0.5858	0.6356	0.74	2.1045	1.4672	0.8154	-0.4633	2.8373	((CAGCTGGTCCGAAGAG-1_contig_2:0.0000006754,CAGCTGGTCCGAAGAG-1_contig_2_1:0.0000000100):0.0270950726,259_3595_GERM:0.0000100000);
277_1574	2	120	0	-31.2672	1.3377	0.5858	0.6356	0.74	2.1045	1.4672	0.8154	-0.4633	2.8373	((CTTAGGATCCAACCAA-1_contig_2:0.0000004398,CTTAGGATCCAACCAA-1_contig_2_1:0.0000004398):0.0000004398,277_1574_GERM:0.0000100000);
277_2039	2	117	0.0115	-47.847	1.3377	0.5858	0.6356	0.74	2.1045	1.4672	0.8154	-0.4633	2.8373	((AACCGCGGTGGACGAT-1_contig_2:0.0000006293,AACCGCGGTGGACGAT-1_contig_2_1:0.0000000100):0.0114545623,277_2039_GERM:0.0000100000);
277_2271	2	120	0.036	-57.1006	1.3377	0.5858	0.6356	0.74	2.1045	1.4672	0.8154	-0.4633	2.8373	((CCTACACCAGTCGATT-1_contig_4:0.0000006886,CCTACACCAGTCGATT-1_contig_4_1:0.0000000100):0.0360085497,277_2271_GERM:0.0000100000);
277_2719	2	120	0	-39.3355	1.3377	0.5858	0.6356	0.74	2.1045	1.4672	0.8154	-0.4633	2.8373	((CCTCTGACACTAGTAC-1_contig_2:0.0000004398,CCTCTGACACTAGTAC-1_contig_2_1:0.0000004398):0.0000004398,277_2719_GERM:0.0000100000);
277_2804	2	120	0.0275	-46.928	1.3377	0.5858	0.6356	0.74	2.1045	1.4672	0.8154	-0.4633	2.8373	((TGTCCCAAGGGAACGG-1_contig_3:0.0000006815,TGTCCCAAGGGAACGG-1_contig_3_1:0.0000000100):0.0274781383,277_2804_GERM:0.0000100000);
277_3069	2	120	0	-30.0078	1.3377	0.5858	0.6356	0.74	2.1045	1.4672	0.8154	-0.4633	2.8373	((GTCCTCAGTAGCCTCG-1_contig_2:0.0000004398,GTCCTCAGTAGCCTCG-1_contig_2_1:0.0000004398):0.0000004398,277_3069_GERM:0.0000100000);
277_4913	2	120	0	-32.8189	1.3377	0.5858	0.6356	0.74	2.1045	1.4672	0.8154	-0.4633	2.8373	((GTAACTGAGTTGAGTA-1_contig_2:0.0000004398,GTAACTGAGTTGAGTA-1_contig_2_1:0.0000004398):0.0000004398,277_4913_GERM:0.0000100000);
277_5200	2	120	0	-40.3081	1.3377	0.5858	0.6356	0.74	2.1045	1.4672	0.8154	-0.4633	2.8373	((TTAACTCTCTTCATGT-1_contig_3:0.0000004398,TTAACTCTCTTCATGT-1_contig_3_1:0.0000004398):0.0000004398,277_5200_GERM:0.0000100000);
277_5226	2	120	0	-34.7225	1.3377	0.5858	0.6356	0.74	2.1045	1.4672	0.8154	-0.4633	2.8373	((GATCTAGAGAGCTGCA-1_contig_2:0.0000004398,GATCTAGAGAGCTGCA-1_contig_2_1:0.0000004398):0.0000004398,277_5226_GERM:0.0000100000);
277_5354	2	116	0	-29.3204	1.3377	0.5858	0.6356	0.74	2.1045	1.4672	0.8154	-0.4633	2.8373	((GGGAATGTCAGCTTAG-1_contig_4:0.0000004398,GGGAATGTCAGCTTAG-1_contig_4_1:0.0000004398):0.0000004398,277_5354_GERM:0.0000100000);
328_1914	2	117	0	-16.6004	1.3377	0.5858	0.6356	0.74	2.1045	1.4672	0.8154	-0.4633	2.8373	((GTCATTTAGACGACGT-1_contig_1:0.0000004398,GTCATTTAGACGACGT-1_contig_1_1:0.0000004398):0.0000004398,328_1914_GERM:0.0000100000);
328_280	2	117	0.0112	-29.5532	1.3377	0.5858	0.6356	0.74	2.1045	1.4672	0.8154	-0.4633	2.8373	((CAGTCCTCACGACGAA-1_contig_2:0.0000004398,CAGTCCTCACGACGAA-1_contig_2_1:0.0000004398):0.0111901286,328_280_GERM:0.0000100000);
328_306	2	117	0	-15.9561	1.3377	0.5858	0.6356	0.74	2.1045	1.4672	0.8154	-0.4633	2.8373	((GCGCAGTAGTCTTGCA-1_contig_1:0.0000004398,GCGCAGTAGTCTTGCA-1_contig_1_1:0.0000004398):0.0000004398,328_306_GERM:0.0000100000);
328_4243	2	117	0	-13.5606	1.3377	0.5858	0.6356	0.74	2.1045	1.4672	0.8154	-0.4633	2.8373	((ATTCTACTCCGTACAA-1_contig_2:0.0000004398,ATTCTACTCCGTACAA-1_contig_2_1:0.0000004398):0.0000004398,328_4243_GERM:0.0000100000);
328_4539	2	117	0	-18.4224	1.3377	0.5858	0.6356	0.74	2.1045	1.4672	0.8154	-0.4633	2.8373	((TTCGGTCGTAGTAGTA-1_contig_1:0.0000004398,TTCGGTCGTAGTAGTA-1_contig_1_1:0.0000004398):0.0000004398,328_4539_GERM:0.0000100000);
328_4891	2	117	0	-16.3564	1.3377	0.5858	0.6356	0.74	2.1045	1.4672	0.8154	-0.4633	2.8373	((CAACCAACAAGAGTCG-1_contig_1:0.0000004398,CAACCAACAAGAGTCG-1_contig_1_1:0.0000004398):0.0000004398,328_4891_GERM:0.0000100000);
328_5341	2	117	0	-17.3275	1.3377	0.5858	0.6356	0.74	2.1045	1.4672	0.8154	-0.4633	2.8373	((CGATGTATCAAAGACA-1_contig_1:0.0000004398,CGATGTATCAAAGACA-1_contig_1_1:0.0000004398):0.0000004398,328_5341_GERM:0.0000100000);
328_548	2	117	0	-15.7166	1.3377	0.5858	0.6356	0.74	2.1045	1.4672	0.8154	-0.4633	2.8373	((GGGAGATAGTAACCCT-1_contig_2:0.0000004398,GGGAGATAGTAACCCT-1_contig_2_1:0.0000004398):0.0000004398,328_548_GERM:0.0000100000);
337_2708	2	117	0.0042	-21.3745	1.3377	0.5858	0.6356	0.74	2.1045	1.4672	0.8154	-0.4633	2.8373	((ACTTGTTTCTCAAACG-1_contig_1:0.0000004398,ACTTGTTTCTCAAACG-1_contig_1_1:0.0000004398):0.0042189404,337_2708_GERM:0.0000100000);
362_1470	2	116	0	-11.1123	1.3377	0.5858	0.6356	0.74	2.1045	1.4672	0.8154	-0.4633	2.8373	((CCTCTGATCACGAAGG-1_contig_2:0.0000004398,CCTCTGATCACGAAGG-1_contig_2_1:0.0000004398):0.0000004398,362_1470_GERM:0.0000100000);
362_2623	2	116	0.0087	-20.946	1.3377	0.5858	0.6356	0.74	2.1045	1.4672	0.8154	-0.4633	2.8373	((GACTGCGGTCGAATCT-1_contig_2:0.0000004398,GACTGCGGTCGAATCT-1_contig_2_1:0.0000004398):0.0086769841,362_2623_GERM:0.0000100000);
362_3471	2	116	0.0194	-33.918	1.3377	0.5858	0.6356	0.74	2.1045	1.4672	0.8154	-0.4633	2.8373	((GAACCTAAGACTAGGC-1_contig_1:0.0000005101,GAACCTAAGACTAGGC-1_contig_1_1:0.0000000100):0.0193922989,362_3471_GERM:0.0000100000);
362_4494	2	116	0	-32.5682	1.3377	0.5858	0.6356	0.74	2.1045	1.4672	0.8154	-0.4633	2.8373	((TTGTAGGTCAGCTTAG-1_contig_1:0.0000004398,TTGTAGGTCAGCTTAG-1_contig_1_1:0.0000004398):0.0000004398,362_4494_GERM:0.0000100000);
362_906	2	116	0.0261	-31.4312	1.3377	0.5858	0.6356	0.74	2.1045	1.4672	0.8154	-0.4633	2.8373	((AAGACCTTCTTACCTA-1_contig_2:0.0000006740,AAGACCTTCTTACCTA-1_contig_2_1:0.0000000100):0.0260881918,362_906_GERM:0.0000100000);
38_1500	2	117	0.0085	-14.3501	1.3377	0.5858	0.6356	0.74	2.1045	1.4672	0.8154	-0.4633	2.8373	((TGCTACCGTTAGAACA-1_contig_4:0.0000000100,TGCTACCGTTAGAACA-1_contig_4_1:0.0000006250):0.0085357693,38_1500_GERM:0.0000100000);
38_2616	2	117	0	-17.1645	1.3377	0.5858	0.6356	0.74	2.1045	1.4672	0.8154	-0.4633	2.8373	((CTCAGAACAGAAGCAC-1_contig_2:0.0000004398,CTCAGAACAGAAGCAC-1_contig_2_1:0.0000004398):0.0000004398,38_2616_GERM:0.0000100000);
38_2863	2	117	0	-25.0601	1.3377	0.5858	0.6356	0.74	2.1045	1.4672	0.8154	-0.4633	2.8373	((TTCGAAGAGGACCACA-1_contig_5:0.0000004398,TTCGAAGAGGACCACA-1_contig_5_1:0.0000004398):0.0000004398,38_2863_GERM:0.0000100000);
38_3092	2	117	0.0179	-35.3661	1.3377	0.5858	0.6356	0.74	2.1045	1.4672	0.8154	-0.4633	2.8373	((CCTAGCTTCCACGAAT-1_contig_2:0.0000000100,CCTAGCTTCCACGAAT-1_contig_2_1:0.0000007285):0.0179066145,38_3092_GERM:0.0000100000);
38_3237	2	117	0.0089	-19.4682	1.3377	0.5858	0.6356	0.74	2.1045	1.4672	0.8154	-0.4633	2.8373	((GTATCTTGTGCTTCTC-1_contig_2:0.0000004398,GTATCTTGTGCTTCTC-1_contig_2_1:0.0000004398):0.0089062472,38_3237_GERM:0.0000100000);
38_3332	2	117	0	-5.3717	1.3377	0.5858	0.6356	0.74	2.1045	1.4672	0.8154	-0.4633	2.8373	((GGACGTCAGATCTGAA-1_contig_3:0.0000004398,GGACGTCAGATCTGAA-1_contig_3_1:0.0000004398):0.0000004398,38_3332_GERM:0.0000100000);
38_3339	2	117	0	-24.9355	1.3377	0.5858	0.6356	0.74	2.1045	1.4672	0.8154	-0.4633	2.8373	((GTGTGCGTCTCGATGA-1_contig_2:0.0000004398,GTGTGCGTCTCGATGA-1_contig_2_1:0.0000004398):0.0000004398,38_3339_GERM:0.0000100000);
38_3375	2	117	0	-17.7115	1.3377	0.5858	0.6356	0.74	2.1045	1.4672	0.8154	-0.4633	2.8373	((CGGGTCAGTAGGCTGA-1_contig_2:0.0000004398,CGGGTCAGTAGGCTGA-1_contig_2_1:0.0000004398):0.0000004398,38_3375_GERM:0.0000100000);
38_3575	2	117	0	-22.4814	1.3377	0.5858	0.6356	0.74	2.1045	1.4672	0.8154	-0.4633	2.8373	((GTGTTAGGTACATCCA-1_contig_2:0.0000004398,GTGTTAGGTACATCCA-1_contig_2_1:0.0000004398):0.0000004398,38_3575_GERM:0.0000100000);
38_4277	2	117	0	-26.5508	1.3377	0.5858	0.6356	0.74	2.1045	1.4672	0.8154	-0.4633	2.8373	((TGGCCAGCATTTGCTT-1_contig_3:0.0000004398,TGGCCAGCATTTGCTT-1_contig_3_1:0.0000004398):0.0000004398,38_4277_GERM:0.0000100000);
394_3139	2	124	0	-40.8516	1.3377	0.5858	0.6356	0.74	2.1045	1.4672	0.8154	-0.4633	2.8373	((CGTCTACGTGCGGTAA-1_contig_3:0.0000004398,CGTCTACGTGCGGTAA-1_contig_3_1:0.0000004398):0.0000004398,394_3139_GERM:0.0000100000);
394_3225	2	124	0	-37.2495	1.3377	0.5858	0.6356	0.74	2.1045	1.4672	0.8154	-0.4633	2.8373	((GAAACTCAGGAATTAC-1_contig_2:0.0000004398,GAAACTCAGGAATTAC-1_contig_2_1:0.0000004398):0.0000004398,394_3225_GERM:0.0000100000);
394_4548	2	124	0	-42.0736	1.3377	0.5858	0.6356	0.74	2.1045	1.4672	0.8154	-0.4633	2.8373	((AAGGTTCGTTCAGACT-1_contig_2:0.0000004398,AAGGTTCGTTCAGACT-1_contig_2_1:0.0000004398):0.0000004398,394_4548_GERM:0.0000100000);
407_1017	2	117	0	-22.855	1.3377	0.5858	0.6356	0.74	2.1045	1.4672	0.8154	-0.4633	2.8373	((TTAGGCAAGAGGTAGA-1_contig_1:0.0000004398,TTAGGCAAGAGGTAGA-1_contig_1_1:0.0000004398):0.0000004398,407_1017_GERM:0.0000100000);
407_178	2	117	0	-30.0768	1.3377	0.5858	0.6356	0.74	2.1045	1.4672	0.8154	-0.4633	2.8373	((AGGCCACAGAGGGCTT-1_contig_1:0.0000004398,AGGCCACAGAGGGCTT-1_contig_1_1:0.0000004398):0.0000004398,407_178_GERM:0.0000100000);
407_1990	2	117	0	-20.8801	1.3377	0.5858	0.6356	0.74	2.1045	1.4672	0.8154	-0.4633	2.8373	((ATTGGACGTGAGTGAC-1_contig_2:0.0000004398,ATTGGACGTGAGTGAC-1_contig_2_1:0.0000004398):0.0000004398,407_1990_GERM:0.0000100000);
407_2096	2	117	0	-27.4422	1.3377	0.5858	0.6356	0.74	2.1045	1.4672	0.8154	-0.4633	2.8373	((AAAGCAAGTCCGACGT-1_contig_1:0.0000004398,AAAGCAAGTCCGACGT-1_contig_1_1:0.0000004398):0.0000004398,407_2096_GERM:0.0000100000);
407_2364	2	117	0	-24.4324	1.3377	0.5858	0.6356	0.74	2.1045	1.4672	0.8154	-0.4633	2.8373	((AAAGATGTCCCATTAT-1_contig_3:0.0000004398,AAAGATGTCCCATTAT-1_contig_3_1:0.0000004398):0.0000004398,407_2364_GERM:0.0000100000);
407_2962	2	117	0	-23.782	1.3377	0.5858	0.6356	0.74	2.1045	1.4672	0.8154	-0.4633	2.8373	((GTTACAGTCCACGAAT-1_contig_1:0.0000004398,GTTACAGTCCACGAAT-1_contig_1_1:0.0000004398):0.0000004398,407_2962_GERM:0.0000100000);
407_310	2	117	0	-22.9069	1.3377	0.5858	0.6356	0.74	2.1045	1.4672	0.8154	-0.4633	2.8373	((GGCGTGTTCTGGTATG-1_contig_1:0.0000004398,GGCGTGTTCTGGTATG-1_contig_1_1:0.0000004398):0.0000004398,407_310_GERM:0.0000100000);
407_379	2	117	0	-27.2166	1.3377	0.5858	0.6356	0.74	2.1045	1.4672	0.8154	-0.4633	2.8373	((TATCTCATCCTTGCCA-1_contig_1:0.0000004398,TATCTCATCCTTGCCA-1_contig_1_1:0.0000004398):0.0000004398,407_379_GERM:0.0000100000);
407_4053	2	117	0.0089	-22.9277	1.3377	0.5858	0.6356	0.74	2.1045	1.4672	0.8154	-0.4633	2.8373	((CGTCCATAGTAAGTAC-1_contig_1:0.0000000100,CGTCCATAGTAAGTAC-1_contig_1_1:0.0000008833):0.0089307039,407_4053_GERM:0.0000100000);
407_4196	2	117	0	-17.4651	1.3377	0.5858	0.6356	0.74	2.1045	1.4672	0.8154	-0.4633	2.8373	((CGAGCACGTACTTCTT-1_contig_1:0.0000004398,CGAGCACGTACTTCTT-1_contig_1_1:0.0000004398):0.0000004398,407_4196_GERM:0.0000100000);
407_4420	2	117	0	-22.0457	1.3377	0.5858	0.6356	0.74	2.1045	1.4672	0.8154	-0.4633	2.8373	((ATTGGTGTCAAGCCTA-1_contig_1:0.0000004398,ATTGGTGTCAAGCCTA-1_contig_1_1:0.0000004398):0.0000004398,407_4420_GERM:0.0000100000);
407_4472	2	117	0	-23.5544	1.3377	0.5858	0.6356	0.74	2.1045	1.4672	0.8154	-0.4633	2.8373	((GCTCCTAGTTTCGCTC-1_contig_2:0.0000004398,GCTCCTAGTTTCGCTC-1_contig_2_1:0.0000004398):0.0000004398,407_4472_GERM:0.0000100000);
407_4948	2	117	0.0089	-28.2441	1.3377	0.5858	0.6356	0.74	2.1045	1.4672	0.8154	-0.4633	2.8373	((GCACTCTAGGTAGCCA-1_contig_1:0.0000000100,GCACTCTAGGTAGCCA-1_contig_1_1:0.0000008866):0.0089450202,407_4948_GERM:0.0000100000);
407_5141	2	117	0.01	-31.7738	1.3377	0.5858	0.6356	0.74	2.1045	1.4672	0.8154	-0.4633	2.8373	((GTTCGGGTCTTCGAGA-1_contig_1:0.0000000100,GTTCGGGTCTTCGAGA-1_contig_1_1:0.0000008869):0.0100026866,407_5141_GERM:0.0000100000);
407_5213	2	117	0	-26.1379	1.3377	0.5858	0.6356	0.74	2.1045	1.4672	0.8154	-0.4633	2.8373	((CAAGAAAAGCCACCTG-1_contig_3:0.0000004398,CAAGAAAAGCCACCTG-1_contig_3_1:0.0000004398):0.0000004398,407_5213_GERM:0.0000100000);
407_5321	2	117	0	-25.379	1.3377	0.5858	0.6356	0.74	2.1045	1.4672	0.8154	-0.4633	2.8373	((TTGAACGGTTAAGGGC-1_contig_1:0.0000004398,TTGAACGGTTAAGGGC-1_contig_1_1:0.0000004398):0.0000004398,407_5321_GERM:0.0000100000);
407_5459	2	117	0	-22.2465	1.3377	0.5858	0.6356	0.74	2.1045	1.4672	0.8154	-0.4633	2.8373	((CAAGTTGCATAAAGGT-1_contig_1:0.0000004398,CAAGTTGCATAAAGGT-1_contig_1_1:0.0000004398):0.0000004398,407_5459_GERM:0.0000100000);
407_5488	2	117	0	-26.782	1.3377	0.5858	0.6356	0.74	2.1045	1.4672	0.8154	-0.4633	2.8373	((TGACTTTTCAACACTG-1_contig_1:0.0000004398,TGACTTTTCAACACTG-1_contig_1_1:0.0000004398):0.0000004398,407_5488_GERM:0.0000100000);
407_746	2	117	0	-33.6585	1.3377	0.5858	0.6356	0.74	2.1045	1.4672	0.8154	-0.4633	2.8373	((CGGGTCAGTTGAACTC-1_contig_1:0.0000004398,CGGGTCAGTTGAACTC-1_contig_1_1:0.0000004398):0.0000004398,407_746_GERM:0.0000100000);
407_998	2	117	0	-17.2791	1.3377	0.5858	0.6356	0.74	2.1045	1.4672	0.8154	-0.4633	2.8373	((GGCGACTGTTCCCTTG-1_contig_1:0.0000004398,GGCGACTGTTCCCTTG-1_contig_1_1:0.0000004398):0.0000004398,407_998_GERM:0.0000100000);
411_2126	2	123	0.0105	-39.6956	1.3377	0.5858	0.6356	0.74	2.1045	1.4672	0.8154	-0.4633	2.8373	((CTCGAAAGTTTGTTTC-1_contig_4:0.0000000100,CTCGAAAGTTTGTTTC-1_contig_4_1:0.0000005648):0.0105351686,411_2126_GERM:0.0000100000);
411_2765	2	123	0	-30.1844	1.3377	0.5858	0.6356	0.74	2.1045	1.4672	0.8154	-0.4633	2.8373	((CCTATTACAAGGTTTC-1_contig_2:0.0000004398,CCTATTACAAGGTTTC-1_contig_2_1:0.0000004398):0.0000004398,411_2765_GERM:0.0000100000);
411_3057	2	123	0	-40.2376	1.3377	0.5858	0.6356	0.74	2.1045	1.4672	0.8154	-0.4633	2.8373	((CGGTTAAGTTACGGAG-1_contig_2:0.0000004398,CGGTTAAGTTACGGAG-1_contig_2_1:0.0000004398):0.0000004398,411_3057_GERM:0.0000100000);
411_3295	2	123	0	-28.5387	1.3377	0.5858	0.6356	0.74	2.1045	1.4672	0.8154	-0.4633	2.8373	((TGATTTCCACCTCGGA-1_contig_4:0.0000004398,TGATTTCCACCTCGGA-1_contig_4_1:0.0000004398):0.0000004398,411_3295_GERM:0.0000100000);
411_345	2	123	0	-30.443	1.3377	0.5858	0.6356	0.74	2.1045	1.4672	0.8154	-0.4633	2.8373	((CCCAATCAGTGTCCCG-1_contig_2:0.0000004398,CCCAATCAGTGTCCCG-1_contig_2_1:0.0000004398):0.0000004398,411_345_GERM:0.0000100000);
411_5117	2	123	0	-27.3291	1.3377	0.5858	0.6356	0.74	2.1045	1.4672	0.8154	-0.4633	2.8373	((CGAATGTGTCGCTTTC-1_contig_2:0.0000004398,CGAATGTGTCGCTTTC-1_contig_2_1:0.0000004398):0.0000004398,411_5117_GERM:0.0000100000);
444_1520	2	124	0	-55.3095	1.3377	0.5858	0.6356	0.74	2.1045	1.4672	0.8154	-0.4633	2.8373	((CATTCGCAGGCGATAC-1_contig_2:0.0000004398,CATTCGCAGGCGATAC-1_contig_2_1:0.0000004398):0.0000004398,444_1520_GERM:0.0000100000);
444_5373	2	124	0	-46.0304	1.3377	0.5858	0.6356	0.74	2.1045	1.4672	0.8154	-0.4633	2.8373	((AGTTGGTAGCCCAGCT-1_contig_2:0.0000004398,AGTTGGTAGCCCAGCT-1_contig_2_1:0.0000004398):0.0000004398,444_5373_GERM:0.0000100000);
450_388	2	124	0	-42.1277	1.3377	0.5858	0.6356	0.74	2.1045	1.4672	0.8154	-0.4633	2.8373	((AACTCTTCATGCCCGA-1_contig_2:0.0000004398,AACTCTTCATGCCCGA-1_contig_2_1:0.0000004398):0.0000004398,450_388_GERM:0.0000100000);
47_2148	2	118	0	-26.7204	1.3377	0.5858	0.6356	0.74	2.1045	1.4672	0.8154	-0.4633	2.8373	((TCATTTGTCGTGGTCG-1_contig_2:0.0000004398,TCATTTGTCGTGGTCG-1_contig_2_1:0.0000004398):0.0000004398,47_2148_GERM:0.0000100000);
47_3198	2	118	0	-21.2685	1.3377	0.5858	0.6356	0.74	2.1045	1.4672	0.8154	-0.4633	2.8373	((TTGGAACAGTGTACGG-1_contig_3:0.0000004398,TTGGAACAGTGTACGG-1_contig_3_1:0.0000004398):0.0000004398,47_3198_GERM:0.0000100000);
47_5012	2	118	0	-22.8288	1.3377	0.5858	0.6356	0.74	2.1045	1.4672	0.8154	-0.4633	2.8373	((TTGAACGTCCGTACAA-1_contig_3:0.0000004398,TTGAACGTCCGTACAA-1_contig_3_1:0.0000004398):0.0000004398,47_5012_GERM:0.0000100000);
480_1238	2	121	0	-32.3407	1.3377	0.5858	0.6356	0.74	2.1045	1.4672	0.8154	-0.4633	2.8373	((CGTCTACTCCGCTGTT-1_contig_3:0.0000004398,CGTCTACTCCGCTGTT-1_contig_3_1:0.0000004398):0.0000004398,480_1238_GERM:0.0000100000);
480_1727	2	121	0	-30.6002	1.3377	0.5858	0.6356	0.74	2.1045	1.4672	0.8154	-0.4633	2.8373	((CAACTAGCATTTGCCC-1_contig_2:0.0000004398,CAACTAGCATTTGCCC-1_contig_2_1:0.0000004398):0.0000004398,480_1727_GERM:0.0000100000);
480_1907	2	121	0	-41.4141	1.3377	0.5858	0.6356	0.74	2.1045	1.4672	0.8154	-0.4633	2.8373	((GATCTAGAGGGTGTGT-1_contig_2:0.0000004398,GATCTAGAGGGTGTGT-1_contig_2_1:0.0000004398):0.0000004398,480_1907_GERM:0.0000100000);
480_2273	2	121	0	-27.2977	1.3377	0.5858	0.6356	0.74	2.1045	1.4672	0.8154	-0.4633	2.8373	((CGAGCCACAACTGGCC-1_contig_2:0.0000004398,CGAGCCACAACTGGCC-1_contig_2_1:0.0000004398):0.0000004398,480_2273_GERM:0.0000100000);
480_2895	2	121	0	-33.3559	1.3377	0.5858	0.6356	0.74	2.1045	1.4672	0.8154	-0.4633	2.8373	((CGTGTCTAGCGATAGC-1_contig_2:0.0000004398,CGTGTCTAGCGATAGC-1_contig_2_1:0.0000004398):0.0000004398,480_2895_GERM:0.0000100000);
480_3241	2	121	0	-29.4433	1.3377	0.5858	0.6356	0.74	2.1045	1.4672	0.8154	-0.4633	2.8373	((TACTCGCAGACTTGAA-1_contig_2:0.0000004398,TACTCGCAGACTTGAA-1_contig_2_1:0.0000004398):0.0000004398,480_3241_GERM:0.0000100000);
480_3748	2	121	0	-33.5443	1.3377	0.5858	0.6356	0.74	2.1045	1.4672	0.8154	-0.4633	2.8373	((CCAATCCGTATCGCAT-1_contig_2:0.0000004398,CCAATCCGTATCGCAT-1_contig_2_1:0.0000004398):0.0000004398,480_3748_GERM:0.0000100000);
480_3986	2	121	0	-31.7746	1.3377	0.5858	0.6356	0.74	2.1045	1.4672	0.8154	-0.4633	2.8373	((TCACGAACAGACAGGT-1_contig_2:0.0000004398,TCACGAACAGACAGGT-1_contig_2_1:0.0000004398):0.0000004398,480_3986_GERM:0.0000100000);
480_4723	2	121	0	-28.6925	1.3377	0.5858	0.6356	0.74	2.1045	1.4672	0.8154	-0.4633	2.8373	((TGGTTAGTCCTAGAAC-1_contig_2:0.0000004398,TGGTTAGTCCTAGAAC-1_contig_2_1:0.0000004398):0.0000004398,480_4723_GERM:0.0000100000);
480_4852	2	121	0	-39.6268	1.3377	0.5858	0.6356	0.74	2.1045	1.4672	0.8154	-0.4633	2.8373	((CAAGTTGCAGTGGAGT-1_contig_3:0.0000004398,CAAGTTGCAGTGGAGT-1_contig_3_1:0.0000004398):0.0000004398,480_4852_GERM:0.0000100000);
480_5452	2	121	0	-32.7134	1.3377	0.5858	0.6356	0.74	2.1045	1.4672	0.8154	-0.4633	2.8373	((AACTTTCGTCTGCGGT-1_contig_2:0.0000004398,AACTTTCGTCTGCGGT-1_contig_2_1:0.0000004398):0.0000004398,480_5452_GERM:0.0000100000);
480_5522	2	121	0	-31.0782	1.3377	0.5858	0.6356	0.74	2.1045	1.4672	0.8154	-0.4633	2.8373	((GGTGTTATCAGCGACC-1_contig_2:0.0000004398,GGTGTTATCAGCGACC-1_contig_2_1:0.0000004398):0.0000004398,480_5522_GERM:0.0000100000);
480_861	2	121	0	-44.448	1.3377	0.5858	0.6356	0.74	2.1045	1.4672	0.8154	-0.4633	2.8373	((ATTTCTGAGGCGATAC-1_contig_2:0.0000004398,ATTTCTGAGGCGATAC-1_contig_2_1:0.0000004398):0.0000004398,480_861_GERM:0.0000100000);
480_92	2	121	0	-38.2224	1.3377	0.5858	0.6356	0.74	2.1045	1.4672	0.8154	-0.4633	2.8373	((ACCCACTCACGCGAAA-1_contig_2:0.0000004398,ACCCACTCACGCGAAA-1_contig_2_1:0.0000004398):0.0000004398,480_92_GERM:0.0000100000);
505_3127	2	83	0.031	-48.8625	1.3377	0.5858	0.6356	0.74	2.1045	1.4672	0.8154	-0.4633	2.8373	((ATCACGATCCTGTACC-1_contig_2:0.0000005175,ATCACGATCCTGTACC-1_contig_2_1:0.0000000100):0.0309501056,505_3127_GERM:0.0000100000);
505_3278	2	120	0	-36.6902	1.3377	0.5858	0.6356	0.74	2.1045	1.4672	0.8154	-0.4633	2.8373	((GACCAATGTACAGACG-1_contig_3:0.0000004398,GACCAATGTACAGACG-1_contig_3_1:0.0000004398):0.0000004398,505_3278_GERM:0.0000100000);
505_3618	2	120	0.0084	-17.1823	1.3377	0.5858	0.6356	0.74	2.1045	1.4672	0.8154	-0.4633	2.8373	((GTAGGCCCATGCCTAA-1_contig_2:0.0000000100,GTAGGCCCATGCCTAA-1_contig_2_1:0.0000006750):0.0084124856,505_3618_GERM:0.0000100000);
505_3652	2	120	0	-36.7101	1.3377	0.5858	0.6356	0.74	2.1045	1.4672	0.8154	-0.4633	2.8373	((CTCTGGTAGTACGTAA-1_contig_3:0.0000004398,CTCTGGTAGTACGTAA-1_contig_3_1:0.0000004398):0.0000004398,505_3652_GERM:0.0000100000);
505_4260	2	120	0	-35.9368	1.3377	0.5858	0.6356	0.74	2.1045	1.4672	0.8154	-0.4633	2.8373	((GATTCAGAGCGATAGC-1_contig_5:0.0000004398,GATTCAGAGCGATAGC-1_contig_5_1:0.0000004398):0.0000004398,505_4260_GERM:0.0000100000);
505_5410	2	120	0.0094	-33.3443	1.3377	0.5858	0.6356	0.74	2.1045	1.4672	0.8154	-0.4633	2.8373	((ACGCAGCTCTGGAGCC-1_contig_2:0.0000000100,ACGCAGCTCTGGAGCC-1_contig_2_1:0.0000007111):0.0094131312,505_5410_GERM:0.0000100000);
505_5433	2	120	0.0091	-28.9733	1.3377	0.5858	0.6356	0.74	2.1045	1.4672	0.8154	-0.4633	2.8373	((GCATGCGAGATCACGG-1_contig_2:0.0000000100,GCATGCGAGATCACGG-1_contig_2_1:0.0000005878):0.0091059511,505_5433_GERM:0.0000100000);
505_5551	2	120	0	-25.6953	1.3377	0.5858	0.6356	0.74	2.1045	1.4672	0.8154	-0.4633	2.8373	((CGTCAGGAGGGATACC-1_contig_2:0.0000004398,CGTCAGGAGGGATACC-1_contig_2_1:0.0000004398):0.0000004398,505_5551_GERM:0.0000100000);
536_1029	2	121	0	-44.2777	1.3377	0.5858	0.6356	0.74	2.1045	1.4672	0.8154	-0.4633	2.8373	((AGAGCTTTCTAGCACA-1_contig_2:0.0000004398,AGAGCTTTCTAGCACA-1_contig_2_1:0.0000004398):0.0000004398,536_1029_GERM:0.0000100000);
536_117	2	121	0	-41.3505	1.3377	0.5858	0.6356	0.74	2.1045	1.4672	0.8154	-0.4633	2.8373	((CGACCTTAGCTAGCCC-1_contig_2:0.0000004398,CGACCTTAGCTAGCCC-1_contig_2_1:0.0000004398):0.0000004398,536_117_GERM:0.0000100000);
536_2042	2	121	0	-45.4544	1.3377	0.5858	0.6356	0.74	2.1045	1.4672	0.8154	-0.4633	2.8373	((ACGGGCTAGGGTGTTG-1_contig_2:0.0000004398,ACGGGCTAGGGTGTTG-1_contig_2_1:0.0000004398):0.0000004398,536_2042_GERM:0.0000100000);
536_2418	2	121	0	-40.3589	1.3377	0.5858	0.6356	0.74	2.1045	1.4672	0.8154	-0.4633	2.8373	((ACTGCTCAGCTAGCCC-1_contig_3:0.0000004398,ACTGCTCAGCTAGCCC-1_contig_3_1:0.0000004398):0.0000004398,536_2418_GERM:0.0000100000);
536_2829	2	121	0	-43.9732	1.3377	0.5858	0.6356	0.74	2.1045	1.4672	0.8154	-0.4633	2.8373	((CGATCGGTCCGCGCAA-1_contig_2:0.0000004398,CGATCGGTCCGCGCAA-1_contig_2_1:0.0000004398):0.0000004398,536_2829_GERM:0.0000100000);
536_3671	2	121	0.0543	-74.4125	1.3377	0.5858	0.6356	0.74	2.1045	1.4672	0.8154	-0.4633	2.8373	((TAGGCATCATATACGC-1_contig_2:0.0000004398,TAGGCATCATATACGC-1_contig_2_1:0.0000004398):0.0542691508,536_3671_GERM:0.0000100000);
536_3721	2	121	0	-38.7924	1.3377	0.5858	0.6356	0.74	2.1045	1.4672	0.8154	-0.4633	2.8373	((GTCATTTTCTTCGGTC-1_contig_2:0.0000004398,GTCATTTTCTTCGGTC-1_contig_2_1:0.0000004398):0.0000004398,536_3721_GERM:0.0000100000);
536_4096	2	121	0.0119	-50.9932	1.3377	0.5858	0.6356	0.74	2.1045	1.4672	0.8154	-0.4633	2.8373	((CATGACACACTGCCAG-1_contig_2:0.0000000100,CATGACACACTGCCAG-1_contig_2_1:0.0000008882):0.0119196037,536_4096_GERM:0.0000100000);
536_440	2	121	0	-46.6531	1.3377	0.5858	0.6356	0.74	2.1045	1.4672	0.8154	-0.4633	2.8373	((TTCGAAGGTCGATTGT-1_contig_2:0.0000004398,TTCGAAGGTCGATTGT-1_contig_2_1:0.0000004398):0.0000004398,536_440_GERM:0.0000100000);
536_4478	2	121	0	-36.3877	1.3377	0.5858	0.6356	0.74	2.1045	1.4672	0.8154	-0.4633	2.8373	((GTACTCCCATCGATGT-1_contig_2:0.0000004398,GTACTCCCATCGATGT-1_contig_2_1:0.0000004398):0.0000004398,536_4478_GERM:0.0000100000);
536_454	2	121	0	-49.2629	1.3377	0.5858	0.6356	0.74	2.1045	1.4672	0.8154	-0.4633	2.8373	((CCAGCGACATAAAGGT-1_contig_2:0.0000004398,CCAGCGACATAAAGGT-1_contig_2_1:0.0000004398):0.0000004398,536_454_GERM:0.0000100000);
536_5152	2	121	0	-31.1516	1.3377	0.5858	0.6356	0.74	2.1045	1.4672	0.8154	-0.4633	2.8373	((TTCTTAGCATTGGCGC-1_contig_2:0.0000004398,TTCTTAGCATTGGCGC-1_contig_2_1:0.0000004398):0.0000004398,536_5152_GERM:0.0000100000);
555_2305	2	121	0	-25.598	1.3377	0.5858	0.6356	0.74	2.1045	1.4672	0.8154	-0.4633	2.8373	((TGAGCATAGAAGGCCT-1_contig_2:0.0000004398,TGAGCATAGAAGGCCT-1_contig_2_1:0.0000004398):0.0000004398,555_2305_GERM:0.0000100000);
555_2896	2	121	0.0095	-36.1808	1.3377	0.5858	0.6356	0.74	2.1045	1.4672	0.8154	-0.4633	2.8373	((CTAGTGAGTCTGATTG-1_contig_3:0.0000004398,CTAGTGAGTCTGATTG-1_contig_3_1:0.0000004398):0.0095207178,555_2896_GERM:0.0000100000);
555_3486	2	121	0	-24.104	1.3377	0.5858	0.6356	0.74	2.1045	1.4672	0.8154	-0.4633	2.8373	((TGAGGGAGTTCTCATT-1_contig_2:0.0000004398,TGAGGGAGTTCTCATT-1_contig_2_1:0.0000004398):0.0000004398,555_3486_GERM:0.0000100000);
555_4259	2	121	0	-39.0895	1.3377	0.5858	0.6356	0.74	2.1045	1.4672	0.8154	-0.4633	2.8373	((GAACCTACACAGACAG-1_contig_2:0.0000004398,GAACCTACACAGACAG-1_contig_2_1:0.0000004398):0.0000004398,555_4259_GERM:0.0000100000);
555_4910	2	121	0	-32.6335	1.3377	0.5858	0.6356	0.74	2.1045	1.4672	0.8154	-0.4633	2.8373	((GGGTTGCCAGCATACT-1_contig_3:0.0000004398,GGGTTGCCAGCATACT-1_contig_3_1:0.0000004398):0.0000004398,555_4910_GERM:0.0000100000);
555_5471	2	121	0	-32.6752	1.3377	0.5858	0.6356	0.74	2.1045	1.4672	0.8154	-0.4633	2.8373	((CTGCCTAGTTCACCTC-1_contig_2:0.0000004398,CTGCCTAGTTCACCTC-1_contig_2_1:0.0000004398):0.0000004398,555_5471_GERM:0.0000100000);
576_2982	2	122	0	-41.938	1.3377	0.5858	0.6356	0.74	2.1045	1.4672	0.8154	-0.4633	2.8373	((ACGATACTCACATAGC-1_contig_5:0.0000004398,ACGATACTCACATAGC-1_contig_5_1:0.0000004398):0.0000004398,576_2982_GERM:0.0000100000);
576_735	2	122	0	-40.7196	1.3377	0.5858	0.6356	0.74	2.1045	1.4672	0.8154	-0.4633	2.8373	((ATCGAGTTCTCTAAGG-1_contig_5:0.0000004398,ATCGAGTTCTCTAAGG-1_contig_5_1:0.0000004398):0.0000004398,576_735_GERM:0.0000100000);
597_108	2	122	0.0097	-42.3024	1.3377	0.5858	0.6356	0.74	2.1045	1.4672	0.8154	-0.4633	2.8373	((CAGAATCCACAAGACG-1_contig_2:0.0000004398,CAGAATCCACAAGACG-1_contig_2_1:0.0000004398):0.0097368783,597_108_GERM:0.0000100000);
597_1877	2	122	0.0201	-53.721	1.3377	0.5858	0.6356	0.74	2.1045	1.4672	0.8154	-0.4633	2.8373	((AAATGCCGTCATTAGC-1_contig_2:0.0000000100,AAATGCCGTCATTAGC-1_contig_2_1:0.0000007243):0.0200897826,597_1877_GERM:0.0000100000);
597_219	2	122	0	-34.4334	1.3377	0.5858	0.6356	0.74	2.1045	1.4672	0.8154	-0.4633	2.8373	((GACGCGTCAAGCCATT-1_contig_2:0.0000004398,GACGCGTCAAGCCATT-1_contig_2_1:0.0000004398):0.0000004398,597_219_GERM:0.0000100000);
597_2357	2	122	0	-42.7251	1.3377	0.5858	0.6356	0.74	2.1045	1.4672	0.8154	-0.4633	2.8373	((TGCTGCTCATGTCGAT-1_contig_2:0.0000004398,TGCTGCTCATGTCGAT-1_contig_2_1:0.0000004398):0.0000004398,597_2357_GERM:0.0000100000);
597_3329	2	122	0	-43.531	1.3377	0.5858	0.6356	0.74	2.1045	1.4672	0.8154	-0.4633	2.8373	((GACTACAAGGGCATGT-1_contig_3:0.0000004398,GACTACAAGGGCATGT-1_contig_3_1:0.0000004398):0.0000004398,597_3329_GERM:0.0000100000);
597_4621	2	122	0	-31.9955	1.3377	0.5858	0.6356	0.74	2.1045	1.4672	0.8154	-0.4633	2.8373	((GCTGCTTAGGGAGTAA-1_contig_3:0.0000004398,GCTGCTTAGGGAGTAA-1_contig_3_1:0.0000004398):0.0000004398,597_4621_GERM:0.0000100000);
597_4645	2	122	0	-36.7482	1.3377	0.5858	0.6356	0.74	2.1045	1.4672	0.8154	-0.4633	2.8373	((AGGGAGTCAGGTGGAT-1_contig_2:0.0000004398,AGGGAGTCAGGTGGAT-1_contig_2_1:0.0000004398):0.0000004398,597_4645_GERM:0.0000100000);
597_4646	2	96	0	-36.9564	1.3377	0.5858	0.6356	0.74	2.1045	1.4672	0.8154	-0.4633	2.8373	((AGGGATGAGGGCTTCC-1_contig_2:0.0000007086,AGGGATGAGGGCTTCC-1_contig_2_1:0.0000007086):0.0000000100,597_4646_GERM:0.0000100000);
597_4892	2	78	0	-48.2917	1.3377	0.5858	0.6356	0.74	2.1045	1.4672	0.8154	-0.4633	2.8373	((CACACAAAGTCCATAC-1_contig_6:0.0000007086,CACACAAAGTCCATAC-1_contig_6_1:0.0000007086):0.0000000100,597_4892_GERM:0.0000100000);
597_5078	2	122	0	-32.7744	1.3377	0.5858	0.6356	0.74	2.1045	1.4672	0.8154	-0.4633	2.8373	((CTCGTCAGTCATGCAT-1_contig_3:0.0000004398,CTCGTCAGTCATGCAT-1_contig_3_1:0.0000004398):0.0000004398,597_5078_GERM:0.0000100000);
611_2788	2	121	0	-29.7434	1.3377	0.5858	0.6356	0.74	2.1045	1.4672	0.8154	-0.4633	2.8373	((GTTAAGCCACCAGATT-1_contig_2:0.0000004398,GTTAAGCCACCAGATT-1_contig_2_1:0.0000004398):0.0000004398,611_2788_GERM:0.0000100000);
611_2898	2	121	0	-27.6718	1.3377	0.5858	0.6356	0.74	2.1045	1.4672	0.8154	-0.4633	2.8373	((CTCTGGTAGTGTCTCA-1_contig_2:0.0000004398,CTCTGGTAGTGTCTCA-1_contig_2_1:0.0000004398):0.0000004398,611_2898_GERM:0.0000100000);
611_4602	2	121	0	-27.4254	1.3377	0.5858	0.6356	0.74	2.1045	1.4672	0.8154	-0.4633	2.8373	((CACAAACTCTTCAACT-1_contig_2:0.0000004398,CACAAACTCTTCAACT-1_contig_2_1:0.0000004398):0.0000004398,611_4602_GERM:0.0000100000);
611_4675	2	121	0	-18.9823	1.3377	0.5858	0.6356	0.74	2.1045	1.4672	0.8154	-0.4633	2.8373	((TGAGCCGGTACCATCA-1_contig_2:0.0000004398,TGAGCCGGTACCATCA-1_contig_2_1:0.0000004398):0.0000004398,611_4675_GERM:0.0000100000);
611_69	2	121	0	-27.2021	1.3377	0.5858	0.6356	0.74	2.1045	1.4672	0.8154	-0.4633	2.8373	((TAGCCGGCACCTATCC-1_contig_2:0.0000004398,TAGCCGGCACCTATCC-1_contig_2_1:0.0000004398):0.0000004398,611_69_GERM:0.0000100000);
634_4613	2	122	0	-36.1451	1.3377	0.5858	0.6356	0.74	2.1045	1.4672	0.8154	-0.4633	2.8373	((CGTCAGGGTGTTAAGA-1_contig_2:0.0000004398,CGTCAGGGTGTTAAGA-1_contig_2_1:0.0000004398):0.0000004398,634_4613_GERM:0.0000100000);
641_1167	2	122	0	-41.8117	1.3377	0.5858	0.6356	0.74	2.1045	1.4672	0.8154	-0.4633	2.8373	((CCAATCCCAATGGTCT-1_contig_2:0.0000004398,CCAATCCCAATGGTCT-1_contig_2_1:0.0000004398):0.0000004398,641_1167_GERM:0.0000100000);
641_2245	2	122	0	-40.9282	1.3377	0.5858	0.6356	0.74	2.1045	1.4672	0.8154	-0.4633	2.8373	((GTGCGGTTCCCAACGG-1_contig_2:0.0000004398,GTGCGGTTCCCAACGG-1_contig_2_1:0.0000004398):0.0000004398,641_2245_GERM:0.0000100000);
664_2619	2	115	0	-15.2271	1.3377	0.5858	0.6356	0.74	2.1045	1.4672	0.8154	-0.4633	2.8373	((GAACATCAGTATGACA-1_contig_2:0.0000004398,GAACATCAGTATGACA-1_contig_2_1:0.0000004398):0.0000004398,664_2619_GERM:0.0000100000);
664_322	2	115	0	-10.0316	1.3377	0.5858	0.6356	0.74	2.1045	1.4672	0.8154	-0.4633	2.8373	((TTCTTAGAGAACAATC-1_contig_2:0.0000004398,TTCTTAGAGAACAATC-1_contig_2_1:0.0000004398):0.0000004398,664_322_GERM:0.0000100000);
664_4251	2	115	0	-4.0919	1.3377	0.5858	0.6356	0.74	2.1045	1.4672	0.8154	-0.4633	2.8373	((CGTCAGGGTCCCTACT-1_contig_2:0.0000004398,CGTCAGGGTCCCTACT-1_contig_2_1:0.0000004398):0.0000004398,664_4251_GERM:0.0000100000);
675_2099	2	114	0	-0.0002	1.3377	0.5858	0.6356	0.74	2.1045	1.4672	0.8154	-0.4633	2.8373	((ACAGCTATCGCAAGCC-1_contig_2:0.0000004398,ACAGCTATCGCAAGCC-1_contig_2_1:0.0000004398):0.0000004398,675_2099_GERM:0.0000100000);
702_4985	2	115	0	-14.3075	1.3377	0.5858	0.6356	0.74	2.1045	1.4672	0.8154	-0.4633	2.8373	((CGGGTCAGTTGCCTCT-1_contig_2:0.0000004398,CGGGTCAGTTGCCTCT-1_contig_2_1:0.0000004398):0.0000004398,702_4985_GERM:0.0000100000);
702_5086	2	115	0	-19.7094	1.3377	0.5858	0.6356	0.74	2.1045	1.4672	0.8154	-0.4633	2.8373	((GGAAAGCTCCTTTCGG-1_contig_2:0.0000004398,GGAAAGCTCCTTTCGG-1_contig_2_1:0.0000004398):0.0000004398,702_5086_GERM:0.0000100000);
717_2854	2	115	0	-23.0062	1.3377	0.5858	0.6356	0.74	2.1045	1.4672	0.8154	-0.4633	2.8373	((TCGGGACTCTCGCTTG-1_contig_4:0.0000004398,TCGGGACTCTCGCTTG-1_contig_4_1:0.0000004398):0.0000004398,717_2854_GERM:0.0000100000);
717_2868	2	115	0	-18.4444	1.3377	0.5858	0.6356	0.74	2.1045	1.4672	0.8154	-0.4633	2.8373	((ACACCCTAGGGTATCG-1_contig_2:0.0000004398,ACACCCTAGGGTATCG-1_contig_2_1:0.0000004398):0.0000004398,717_2868_GERM:0.0000100000);
717_2989	2	115	0	-20.1655	1.3377	0.5858	0.6356	0.74	2.1045	1.4672	0.8154	-0.4633	2.8373	((CAGTAACAGACTACAA-1_contig_2:0.0000004398,CAGTAACAGACTACAA-1_contig_2_1:0.0000004398):0.0000004398,717_2989_GERM:0.0000100000);
717_3565	2	115	0	-9.7813	1.3377	0.5858	0.6356	0.74	2.1045	1.4672	0.8154	-0.4633	2.8373	((GATCGTACATTAGCCA-1_contig_2:0.0000004398,GATCGTACATTAGCCA-1_contig_2_1:0.0000004398):0.0000004398,717_3565_GERM:0.0000100000);
717_4441	2	115	0	-22.818	1.3377	0.5858	0.6356	0.74	2.1045	1.4672	0.8154	-0.4633	2.8373	((GTGCTTCGTGTTCGAT-1_contig_2:0.0000004398,GTGCTTCGTGTTCGAT-1_contig_2_1:0.0000004398):0.0000004398,717_4441_GERM:0.0000100000);
717_4921	2	115	0.0089	-20.9752	1.3377	0.5858	0.6356	0.74	2.1045	1.4672	0.8154	-0.4633	2.8373	((TTATGCTCATCTACGA-1_contig_2:0.0000007086,TTATGCTCATCTACGA-1_contig_2_1:0.0000007086):0.0089460839,717_4921_GERM:0.0000100000);
717_5553	2	115	0	-11.2596	1.3377	0.5858	0.6356	0.74	2.1045	1.4672	0.8154	-0.4633	2.8373	((CTAATGGAGTACTTGC-1_contig_2:0.0000004398,CTAATGGAGTACTTGC-1_contig_2_1:0.0000004398):0.0000004398,717_5553_GERM:0.0000100000);
717_62	2	115	0.0104	-35.6266	1.3377	0.5858	0.6356	0.74	2.1045	1.4672	0.8154	-0.4633	2.8373	((GTCGTAACACGCTTTC-1_contig_3:0.0000007071,GTCGTAACACGCTTTC-1_contig_3_1:0.0000000100):0.0104265912,717_62_GERM:0.0000100000);
730_2633	2	115	0	-18.2102	1.3377	0.5858	0.6356	0.74	2.1045	1.4672	0.8154	-0.4633	2.8373	((TAGACCAGTGAACCTT-1_contig_1:0.0000004398,TAGACCAGTGAACCTT-1_contig_1_1:0.0000004398):0.0000004398,730_2633_GERM:0.0000100000);
730_5187	2	115	0	-7.806	1.3377	0.5858	0.6356	0.74	2.1045	1.4672	0.8154	-0.4633	2.8373	((GCTTCCAGTAAATGAC-1_contig_1:0.0000004398,GCTTCCAGTAAATGAC-1_contig_1_1:0.0000004398):0.0000004398,730_5187_GERM:0.0000100000);
738_1412	2	116	0	-17.6606	1.3377	0.5858	0.6356	0.74	2.1045	1.4672	0.8154	-0.4633	2.8373	((CAACTAGTCCTGCAGG-1_contig_1:0.0000004398,CAACTAGTCCTGCAGG-1_contig_1_1:0.0000004398):0.0000004398,738_1412_GERM:0.0000100000);
770_2283	2	116	0	-25.3687	1.3377	0.5858	0.6356	0.74	2.1045	1.4672	0.8154	-0.4633	2.8373	((CTCTGGTTCCGATATG-1_contig_1:0.0000004398,CTCTGGTTCCGATATG-1_contig_1_1:0.0000004398):0.0000004398,770_2283_GERM:0.0000100000);
770_2567	2	116	0	-18.9533	1.3377	0.5858	0.6356	0.74	2.1045	1.4672	0.8154	-0.4633	2.8373	((CTCGAAACACACATGT-1_contig_1:0.0000004398,CTCGAAACACACATGT-1_contig_1_1:0.0000004398):0.0000004398,770_2567_GERM:0.0000100000);
770_3107	2	116	0	-14.7127	1.3377	0.5858	0.6356	0.74	2.1045	1.4672	0.8154	-0.4633	2.8373	((GCGCCAACAAGTACCT-1_contig_2:0.0000004398,GCGCCAACAAGTACCT-1_contig_2_1:0.0000004398):0.0000004398,770_3107_GERM:0.0000100000);
770_3304	2	116	0	-21.3705	1.3377	0.5858	0.6356	0.74	2.1045	1.4672	0.8154	-0.4633	2.8373	((ACCCACTTCTACTATC-1_contig_1:0.0000004398,ACCCACTTCTACTATC-1_contig_1_1:0.0000004398):0.0000004398,770_3304_GERM:0.0000100000);
770_3342	2	116	0	-24.6617	1.3377	0.5858	0.6356	0.74	2.1045	1.4672	0.8154	-0.4633	2.8373	((TGCGGGTAGCCAGGAT-1_contig_1:0.0000004398,TGCGGGTAGCCAGGAT-1_contig_1_1:0.0000004398):0.0000004398,770_3342_GERM:0.0000100000);
770_3413	2	116	0	-20.8308	1.3377	0.5858	0.6356	0.74	2.1045	1.4672	0.8154	-0.4633	2.8373	((CAACCTCCAGCATGAG-1_contig_1:0.0000004398,CAACCTCCAGCATGAG-1_contig_1_1:0.0000004398):0.0000004398,770_3413_GERM:0.0000100000);
770_3702	2	116	0	-21.158	1.3377	0.5858	0.6356	0.74	2.1045	1.4672	0.8154	-0.4633	2.8373	((CCTACCACACCGCTAG-1_contig_1:0.0000004398,CCTACCACACCGCTAG-1_contig_1_1:0.0000004398):0.0000004398,770_3702_GERM:0.0000100000);
770_3864	2	116	0	-21.0509	1.3377	0.5858	0.6356	0.74	2.1045	1.4672	0.8154	-0.4633	2.8373	((AAGACCTCAGATGGGT-1_contig_1:0.0000004398,AAGACCTCAGATGGGT-1_contig_1_1:0.0000004398):0.0000004398,770_3864_GERM:0.0000100000);
770_4773	2	116	0.0089	-18.71	1.3377	0.5858	0.6356	0.74	2.1045	1.4672	0.8154	-0.4633	2.8373	((CAGCTAATCTCGGACG-1_contig_1:0.0000000100,CAGCTAATCTCGGACG-1_contig_1_1:0.0000008851):0.0089328220,770_4773_GERM:0.0000100000);
770_5105	2	116	0	-26.4482	1.3377	0.5858	0.6356	0.74	2.1045	1.4672	0.8154	-0.4633	2.8373	((AAAGATGCATACTCTT-1_contig_1:0.0000004398,AAAGATGCATACTCTT-1_contig_1_1:0.0000004398):0.0000004398,770_5105_GERM:0.0000100000);
770_5170	2	116	0	-15.2802	1.3377	0.5858	0.6356	0.74	2.1045	1.4672	0.8154	-0.4633	2.8373	((CAGTCCTAGTCCATAC-1_contig_1:0.0000004398,CAGTCCTAGTCCATAC-1_contig_1_1:0.0000004398):0.0000004398,770_5170_GERM:0.0000100000);
785_277	2	116	0.0708	-50.9851	1.3377	0.5858	0.6356	0.74	2.1045	1.4672	0.8154	-0.4633	2.8373	((CAGCTGGAGTTAGCGG-1_contig_1:0.0000006763,CAGCTGGAGTTAGCGG-1_contig_1_1:0.0000000100):0.0707780387,785_277_GERM:0.0000100000);
785_4067	2	116	0	-14.8732	1.3377	0.5858	0.6356	0.74	2.1045	1.4672	0.8154	-0.4633	2.8373	((TAGACCATCCAGTAGT-1_contig_1:0.0000004398,TAGACCATCCAGTAGT-1_contig_1_1:0.0000004398):0.0000004398,785_4067_GERM:0.0000100000);
785_4937	2	116	0	-12.0842	1.3377	0.5858	0.6356	0.74	2.1045	1.4672	0.8154	-0.4633	2.8373	((ATAGACCAGGGTGTTG-1_contig_1:0.0000004398,ATAGACCAGGGTGTTG-1_contig_1_1:0.0000004398):0.0000004398,785_4937_GERM:0.0000100000);
804_2850	2	125	0	-38.1209	1.3377	0.5858	0.6356	0.74	2.1045	1.4672	0.8154	-0.4633	2.8373	((GTTCGGGAGTGGTAGC-1_contig_3:0.0000004398,GTTCGGGAGTGGTAGC-1_contig_3_1:0.0000004398):0.0000004398,804_2850_GERM:0.0000100000);
804_3258	2	125	0	-31.1171	1.3377	0.5858	0.6356	0.74	2.1045	1.4672	0.8154	-0.4633	2.8373	((ACGGCCAGTAACGCGA-1_contig_3:0.0000004398,ACGGCCAGTAACGCGA-1_contig_3_1:0.0000004398):0.0000004398,804_3258_GERM:0.0000100000);
804_4137	2	125	0	-42.313	1.3377	0.5858	0.6356	0.74	2.1045	1.4672	0.8154	-0.4633	2.8373	((CACACCTAGCCACTAT-1_contig_2:0.0000004398,CACACCTAGCCACTAT-1_contig_2_1:0.0000004398):0.0000004398,804_4137_GERM:0.0000100000);
804_5007	2	125	0	-50.6907	1.3377	0.5858	0.6356	0.74	2.1045	1.4672	0.8154	-0.4633	2.8373	((TCAATCTAGTACCGGA-1_contig_2:0.0000004398,TCAATCTAGTACCGGA-1_contig_2_1:0.0000004398):0.0000004398,804_5007_GERM:0.0000100000);
804_650	2	125	0.1146	-106.4821	1.3377	0.5858	0.6356	0.74	2.1045	1.4672	0.8154	-0.4633	2.8373	((TTGAACGCACCACCAG-1_contig_3:0.0000009349,TTGAACGCACCACCAG-1_contig_3_1:0.0000000100):0.1145712334,804_650_GERM:0.0000100000);
834_2500	2	126	0	-56.4839	1.3377	0.5858	0.6356	0.74	2.1045	1.4672	0.8154	-0.4633	2.8373	((TCAGATGCAGATAATG-1_contig_3:0.0000004398,TCAGATGCAGATAATG-1_contig_3_1:0.0000004398):0.0000004398,834_2500_GERM:0.0000100000);
834_3485	2	126	0	-55.0865	1.3377	0.5858	0.6356	0.74	2.1045	1.4672	0.8154	-0.4633	2.8373	((TGACGGCGTTCAACCA-1_contig_3:0.0000004398,TGACGGCGTTCAACCA-1_contig_3_1:0.0000004398):0.0000004398,834_3485_GERM:0.0000100000);
844_1815	2	126	0	-43.2935	1.3377	0.5858	0.6356	0.74	2.1045	1.4672	0.8154	-0.4633	2.8373	((TCACAAGTCTCCCTGA-1_contig_2:0.0000004398,TCACAAGTCTCCCTGA-1_contig_2_1:0.0000004398):0.0000004398,844_1815_GERM:0.0000100000);
844_5021	2	126	0	-35.3296	1.3377	0.5858	0.6356	0.74	2.1045	1.4672	0.8154	-0.4633	2.8373	((ATAACGCAGTTTAGGA-1_contig_2:0.0000004398,ATAACGCAGTTTAGGA-1_contig_2_1:0.0000004398):0.0000004398,844_5021_GERM:0.0000100000);
86_1435	2	118	0	-31.9753	1.3377	0.5858	0.6356	0.74	2.1045	1.4672	0.8154	-0.4633	2.8373	((GTGGGTCTCAGTGCAT-1_contig_2:0.0000004398,GTGGGTCTCAGTGCAT-1_contig_2_1:0.0000004398):0.0000004398,86_1435_GERM:0.0000100000);
86_1721	2	118	0	-31.0847	1.3377	0.5858	0.6356	0.74	2.1045	1.4672	0.8154	-0.4633	2.8373	((ACCTTTAAGGGCTCTC-1_contig_3:0.0000004398,ACCTTTAAGGGCTCTC-1_contig_3_1:0.0000004398):0.0000004398,86_1721_GERM:0.0000100000);
86_182	2	118	0	-23.5866	1.3377	0.5858	0.6356	0.74	2.1045	1.4672	0.8154	-0.4633	2.8373	((ATAAGAGGTCAATGTC-1_contig_3:0.0000004398,ATAAGAGGTCAATGTC-1_contig_3_1:0.0000004398):0.0000004398,86_182_GERM:0.0000100000);
86_2808	2	118	0	-27.8077	1.3377	0.5858	0.6356	0.74	2.1045	1.4672	0.8154	-0.4633	2.8373	((AAATGCCGTATAATGG-1_contig_2:0.0000004398,AAATGCCGTATAATGG-1_contig_2_1:0.0000004398):0.0000004398,86_2808_GERM:0.0000100000);
86_3100	2	118	0	-32.959	1.3377	0.5858	0.6356	0.74	2.1045	1.4672	0.8154	-0.4633	2.8373	((CTGTTTAAGTCTCCTC-1_contig_1:0.0000004398,CTGTTTAAGTCTCCTC-1_contig_1_1:0.0000004398):0.0000004398,86_3100_GERM:0.0000100000);
86_3282	2	118	0	-28.8145	1.3377	0.5858	0.6356	0.74	2.1045	1.4672	0.8154	-0.4633	2.8373	((GCAAACTCACATCCGG-1_contig_2:0.0000004398,GCAAACTCACATCCGG-1_contig_2_1:0.0000004398):0.0000004398,86_3282_GERM:0.0000100000);
86_3306	2	118	0	-32.1336	1.3377	0.5858	0.6356	0.74	2.1045	1.4672	0.8154	-0.4633	2.8373	((ACTGTCCAGGACAGCT-1_contig_2:0.0000004398,ACTGTCCAGGACAGCT-1_contig_2_1:0.0000004398):0.0000004398,86_3306_GERM:0.0000100000);
86_3617	2	118	0	-34.8061	1.3377	0.5858	0.6356	0.74	2.1045	1.4672	0.8154	-0.4633	2.8373	((GGTGAAGGTGCTGTAT-1_contig_2:0.0000004398,GGTGAAGGTGCTGTAT-1_contig_2_1:0.0000004398):0.0000004398,86_3617_GERM:0.0000100000);
86_392	2	118	0.0157	-37.0687	1.3377	0.5858	0.6356	0.74	2.1045	1.4672	0.8154	-0.4633	2.8373	((TGCGTGGCAGCGTAAG-1_contig_3:0.0000000100,TGCGTGGCAGCGTAAG-1_contig_3_1:0.0000008836):0.0156788260,86_392_GERM:0.0000100000);
86_3962	2	118	0.0307	-50.6418	1.3377	0.5858	0.6356	0.74	2.1045	1.4672	0.8154	-0.4633	2.8373	((CATATTCAGAGTGAGA-1_contig_2:0.0000000100,CATATTCAGAGTGAGA-1_contig_2_1:0.0000008895):0.0307155673,86_3962_GERM:0.0000100000);
86_4451	2	118	0	-32.1966	1.3377	0.5858	0.6356	0.74	2.1045	1.4672	0.8154	-0.4633	2.8373	((AAACCTGCAAGTCATC-1_contig_2:0.0000004398,AAACCTGCAAGTCATC-1_contig_2_1:0.0000004398):0.0000004398,86_4451_GERM:0.0000100000);
86_5180	2	118	0	-38.5384	1.3377	0.5858	0.6356	0.74	2.1045	1.4672	0.8154	-0.4633	2.8373	((CTCGGAGGTTTGCATG-1_contig_2:0.0000004398,CTCGGAGGTTTGCATG-1_contig_2_1:0.0000004398):0.0000004398,86_5180_GERM:0.0000100000);
86_5482	2	118	0	-28.7603	1.3377	0.5858	0.6356	0.74	2.1045	1.4672	0.8154	-0.4633	2.8373	((GTAGTCATCAGGATCT-1_contig_2:0.0000004398,GTAGTCATCAGGATCT-1_contig_2_1:0.0000004398):0.0000004398,86_5482_GERM:0.0000100000);
864_1537	2	125	0	-48.4627	1.3377	0.5858	0.6356	0.74	2.1045	1.4672	0.8154	-0.4633	2.8373	((GCGAGAACACATCCGG-1_contig_2:0.0000004398,GCGAGAACACATCCGG-1_contig_2_1:0.0000004398):0.0000004398,864_1537_GERM:0.0000100000);
887_1515	2	124	0.017	-41.5242	1.3377	0.5858	0.6356	0.74	2.1045	1.4672	0.8154	-0.4633	2.8373	((CACCACTTCTGCGTAA-1_contig_2:0.0000000100,CACCACTTCTGCGTAA-1_contig_2_1:0.0000009541):0.0170303632,887_1515_GERM:0.0000100000);
887_4286	2	124	0	-37.749	1.3377	0.5858	0.6356	0.74	2.1045	1.4672	0.8154	-0.4633	2.8373	((AGCTTGACACGGTGTC-1_contig_2:0.0000004398,AGCTTGACACGGTGTC-1_contig_2_1:0.0000004398):0.0000004398,887_4286_GERM:0.0000100000);
906_5049	2	125	0	-51.6795	1.3377	0.5858	0.6356	0.74	2.1045	1.4672	0.8154	-0.4633	2.8373	((TGAGCCGCATGAACCT-1_contig_2:0.0000004398,TGAGCCGCATGAACCT-1_contig_2_1:0.0000004398):0.0000004398,906_5049_GERM:0.0000100000);
917_3457	2	125	0	-45.3404	1.3377	0.5858	0.6356	0.74	2.1045	1.4672	0.8154	-0.4633	2.8373	((CACAGTACAGATGGGT-1_contig_2:0.0000004398,CACAGTACAGATGGGT-1_contig_2_1:0.0000004398):0.0000004398,917_3457_GERM:0.0000100000);
954_2368	2	123	0	-45.1581	1.3377	0.5858	0.6356	0.74	2.1045	1.4672	0.8154	-0.4633	2.8373	((ACAGCTAGTCTCTCTG-1_contig_1:0.0000004398,ACAGCTAGTCTCTCTG-1_contig_1_1:0.0000004398):0.0000004398,954_2368_GERM:0.0000100000);
954_3456	2	123	0	-40.534	1.3377	0.5858	0.6356	0.74	2.1045	1.4672	0.8154	-0.4633	2.8373	((AGCTCTCGTAAGAGGA-1_contig_1:0.0000004398,AGCTCTCGTAAGAGGA-1_contig_1_1:0.0000004398):0.0000004398,954_3456_GERM:0.0000100000);
973_1202	2	122	0	-41.2352	1.3377	0.5858	0.6356	0.74	2.1045	1.4672	0.8154	-0.4633	2.8373	((TCGCGAGAGGATGCGT-1_contig_1:0.0000004398,TCGCGAGAGGATGCGT-1_contig_1_1:0.0000004398):0.0000004398,973_1202_GERM:0.0000100000);
973_2932	2	122	0.0211	-48.1047	1.3377	0.5858	0.6356	0.74	2.1045	1.4672	0.8154	-0.4633	2.8373	((CACATTTGTAAGTGTA-1_contig_1:0.0000000100,CACATTTGTAAGTGTA-1_contig_1_1:0.0000005725):0.0210735298,973_2932_GERM:0.0000100000);
973_4054	2	122	0.0665	-75.4311	1.3377	0.5858	0.6356	0.74	2.1045	1.4672	0.8154	-0.4633	2.8373	((CGTCCATGTGTGAAAT-1_contig_1:0.0000000100,CGTCCATGTGTGAAAT-1_contig_1_1:0.0000006668):0.0664576015,973_4054_GERM:0.0000100000);
973_4553	2	122	0	-20.4608	1.3377	0.5858	0.6356	0.74	2.1045	1.4672	0.8154	-0.4633	2.8373	((AGTCTTTGTTTACTCT-1_contig_1:0.0000004398,AGTCTTTGTTTACTCT-1_contig_1_1:0.0000004398):0.0000004398,973_4553_GERM:0.0000100000);
973_841	2	122	0.0268	-45.0696	1.3377	0.5858	0.6356	0.74	2.1045	1.4672	0.8154	-0.4633	2.8373	((TATGCCCTCTTGTTTG-1_contig_1:0.0000006585,TATGCCCTCTTGTTTG-1_contig_1_1:0.0000000100):0.0268033962,973_841_GERM:0.0000100000);
991_1811	2	123	0	-43.0172	1.3377	0.5858	0.6356	0.74	2.1045	1.4672	0.8154	-0.4633	2.8373	((TACACGACATCCGGGT-1_contig_1:0.0000004398,TACACGACATCCGGGT-1_contig_1_1:0.0000004398):0.0000004398,991_1811_GERM:0.0000100000);
998_1422	2	123	0	-57.0207	1.3377	0.5858	0.6356	0.74	2.1045	1.4672	0.8154	-0.4633	2.8373	((CTGCCTAGTTCCACTC-1_contig_1:0.0000004398,CTGCCTAGTTCCACTC-1_contig_1_1:0.0000004398):0.0000004398,998_1422_GERM:0.0000100000);
998_2362	2	123	0	-40.684	1.3377	0.5858	0.6356	0.74	2.1045	1.4672	0.8154	-0.4633	2.8373	((TTCCCAGCAGGATCGA-1_contig_1:0.0000004398,TTCCCAGCAGGATCGA-1_contig_1_1:0.0000004398):0.0000004398,998_2362_GERM:0.0000100000);
998_2579	2	123	0	-49.1529	1.3377	0.5858	0.6356	0.74	2.1045	1.4672	0.8154	-0.4633	2.8373	((GTGAAGGTCCGTTGTC-1_contig_1:0.0000004398,GTGAAGGTCCGTTGTC-1_contig_1_1:0.0000004398):0.0000004398,998_2579_GERM:0.0000100000);
998_3060	2	123	0.0189	-60.7923	1.3377	0.5858	0.6356	0.74	2.1045	1.4672	0.8154	-0.4633	2.8373	((CTCACACTCAGCTCTC-1_contig_1:0.0000007083,CTCACACTCAGCTCTC-1_contig_1_1:0.0000000100):0.0188603226,998_3060_GERM:0.0000100000);
