model,ligand,binding,intermolecular,electrostatic,intern,torsional,unbound
X-Ray data,R,0,0,0,0,0,0
1,C,-9.14,-11.23,0.22,-3.43,3.58,-1.94
2,D,-3.96,-7.24,-0.31,-2.25,3.58,-1.94
3,E,-5.87,-8.66,0.07,-2.73,3.58,-1.94
4,F,-4.72,-6.88,-0.02,-3.36,3.58,-1.94
5,G,10.17,4.72,-0.27,-0.07,3.58,-1.94
6,H,-6.96,-9.85,0.03,-2.63,3.58,-1.94
7,I,2.01,-7.12,0.18,3.6,3.58,-1.94
8,J,0.87,-2.9,0.22,-1.75,3.58,-1.94
9,K,-6.33,-9.23,0.09,-2.62,3.58,-1.94
10,L,-7,-8.94,-0.06,-3.58,3.58,-1.94
11,M,-5.24,-8.21,0.63,-2.55,3.58,-1.94
12,N,-5.69,-8.29,-0.17,-2.93,3.58,-1.94
13,O,-7.01,-8.79,-0.03,-3.74,3.58,-1.94
14,P,-0.43,-4.08,0.04,-1.87,3.58,-1.94
15,Q,-1.27,-4.28,0.59,-2.51,3.58,-1.94
16,S,2.24,-3.94,-0.12,0.66,3.58,-1.94
17,T,-0.77,-4.49,0.02,-1.81,3.58,-1.94
18,U,-8.88,-10.48,0.11,-3.92,3.58,-1.94
19,V,-3.46,-7.89,-0.35,-1.1,3.58,-1.94
20,W,3.06,-4.2,0.18,1.74,3.58,-1.94
