{"databases/apitest_db/001_init.sql":"Fri, 11 Oct 2024 17:14:47 GMT","databases/apitest_db/002_init.sql":"Fri, 11 Oct 2024 17:22:32 GMT","detectors.js":"Thu, 10 Oct 2024 12:46:35 GMT","package-lock.json":"Thu, 10 Oct 2024 12:47:01 GMT","package.json":"Thu, 10 Oct 2024 12:47:01 GMT","package.png":"Thu, 10 Oct 2024 12:46:35 GMT","queries/query.sql":"Fri, 11 Oct 2024 17:21:12 GMT","queries/query2.sql":"Fri, 11 Oct 2024 17:22:15 GMT","README.md":"Thu, 10 Oct 2024 12:46:35 GMT","src/package-test.ts":"Thu, 10 Oct 2024 12:46:35 GMT","src/package.g.ts":"Fri, 11 Oct 2024 17:22:35 GMT","src/package.ts":"Fri, 11 Oct 2024 17:22:35 GMT","tsconfig.json":"Thu, 10 Oct 2024 12:46:35 GMT","webpack.config.js":"Thu, 10 Oct 2024 12:46:35 GMT","dist/package-test.js":"Thu, 10 Oct 2024 13:03:56 GMT","dist/package-test.js.map":"Thu, 10 Oct 2024 13:03:56 GMT","dist/package.js":"Thu, 10 Oct 2024 13:03:56 GMT","dist/package.js.map":"Thu, 10 Oct 2024 13:03:56 GMT"}