Compound,Scaffold,R1,R2,R3,R4,pIC50
c1cc(C)c(F)c(C)c1CC,c1cc([*:1])c([*:2])c([*:3])c1[*:4],[*:1]C,[*:2]F,[*:3]C,[*:4]CC,6.894
c1cc(C)c(F)c(O)c1CC,c1cc([*:1])c([*:2])c([*:3])c1[*:4],[*:1]C,[*:2]F,[*:3]O,[*:4]CC,6.894
c1cc(C)c(F)c(Br)c1C,c1cc([*:1])c([*:2])c([*:3])c1[*:4],[*:1]C,[*:2]F,[*:3]Br,[*:4]C,6.988
c1cc(C)c(F)c(Br)c1C(F)(F)F,c1cc([*:1])c([*:2])c([*:3])c1[*:4],[*:1]C,[*:2]F,[*:3]Br,[*:4]C(F)(F)F,6.844
c1cc(C)c(Cl)c(C)c1C,c1cc([*:1])c([*:2])c([*:3])c1[*:4],[*:1]C,[*:2]Cl,[*:3]C,[*:4]C,6.820
c1cc(C)c(Cl)c(C)c1CC,c1cc([*:1])c([*:2])c([*:3])c1[*:4],[*:1]C,[*:2]Cl,[*:3]C,[*:4]CC,6.602
c1cc(C)c(Cl)c(N)c1C,c1cc([*:1])c([*:2])c([*:3])c1[*:4],[*:1]C,[*:2]Cl,[*:3]N,[*:4]C,6.628
c1cc(C)c(Cl)c(O)c1C,c1cc([*:1])c([*:2])c([*:3])c1[*:4],[*:1]C,[*:2]Cl,[*:3]O,[*:4]C,6.722
c1cc(C)c(Cl)c(O)c1CC,c1cc([*:1])c([*:2])c([*:3])c1[*:4],[*:1]C,[*:2]Cl,[*:3]O,[*:4]CC,6.693
c1cc(C)c(Cl)c(Br)c1CC,c1cc([*:1])c([*:2])c([*:3])c1[*:4],[*:1]C,[*:2]Cl,[*:3]Br,[*:4]CC,6.702
c1cc(C)c(C)c(C)c1C,c1cc([*:1])c([*:2])c([*:3])c1[*:4],[*:1]C,[*:2]C,[*:3]C,[*:4]C,6.083
c1cc(C)c(C)c(C)c1CC,c1cc([*:1])c([*:2])c([*:3])c1[*:4],[*:1]C,[*:2]C,[*:3]C,[*:4]CC,6.063
c1cc(C)c(C)c(C)c1C(F)(F)F,c1cc([*:1])c([*:2])c([*:3])c1[*:4],[*:1]C,[*:2]C,[*:3]C,[*:4]C(F)(F)F,5.874
c1cc(C)c(C)c(N)c1C,c1cc([*:1])c([*:2])c([*:3])c1[*:4],[*:1]C,[*:2]C,[*:3]N,[*:4]C,6.154
c1cc(C)c(C)c(N)c1CC,c1cc([*:1])c([*:2])c([*:3])c1[*:4],[*:1]C,[*:2]C,[*:3]N,[*:4]CC,6.083
c1cc(C)c(C)c(O)c1CC,c1cc([*:1])c([*:2])c([*:3])c1[*:4],[*:1]C,[*:2]C,[*:3]O,[*:4]CC,6.125
c1cc(C)c(C)c(O)c1C(F)(F)F,c1cc([*:1])c([*:2])c([*:3])c1[*:4],[*:1]C,[*:2]C,[*:3]O,[*:4]C(F)(F)F,6.021
c1cc(C)c(C)c(Br)c1C,c1cc([*:1])c([*:2])c([*:3])c1[*:4],[*:1]C,[*:2]C,[*:3]Br,[*:4]C,6.115
c1cc(C)c(C)c(Br)c1C(F)(F)F,c1cc([*:1])c([*:2])c([*:3])c1[*:4],[*:1]C,[*:2]C,[*:3]Br,[*:4]C(F)(F)F,5.950
c1cc(C)c(OC)c(N)c1C,c1cc([*:1])c([*:2])c([*:3])c1[*:4],[*:1]C,[*:2]OC,[*:3]N,[*:4]C,5.896
c1cc(C)c(OC)c(N)c1CC,c1cc([*:1])c([*:2])c([*:3])c1[*:4],[*:1]C,[*:2]OC,[*:3]N,[*:4]CC,5.868
c1cc(C)c(OC)c(N)c1C(F)(F)F,c1cc([*:1])c([*:2])c([*:3])c1[*:4],[*:1]C,[*:2]OC,[*:3]N,[*:4]C(F)(F)F,5.777
c1cc(C)c(OC)c(O)c1CC,c1cc([*:1])c([*:2])c([*:3])c1[*:4],[*:1]C,[*:2]OC,[*:3]O,[*:4]CC,5.975
c1cc(C)c(OC)c(O)c1C(F)(F)F,c1cc([*:1])c([*:2])c([*:3])c1[*:4],[*:1]C,[*:2]OC,[*:3]O,[*:4]C(F)(F)F,5.717
c1cc(C)c(OC)c(Br)c1C,c1cc([*:1])c([*:2])c([*:3])c1[*:4],[*:1]C,[*:2]OC,[*:3]Br,[*:4]C,5.994
c1cc(CC)c(F)c(C)c1C,c1cc([*:1])c([*:2])c([*:3])c1[*:4],[*:1]CC,[*:2]F,[*:3]C,[*:4]C,7.072
c1cc(CC)c(F)c(C)c1CC,c1cc([*:1])c([*:2])c([*:3])c1[*:4],[*:1]CC,[*:2]F,[*:3]C,[*:4]CC,6.950
c1cc(CC)c(F)c(N)c1C,c1cc([*:1])c([*:2])c([*:3])c1[*:4],[*:1]CC,[*:2]F,[*:3]N,[*:4]C,7.069
c1cc(CC)c(F)c(N)c1CC,c1cc([*:1])c([*:2])c([*:3])c1[*:4],[*:1]CC,[*:2]F,[*:3]N,[*:4]CC,6.963
c1cc(CC)c(F)c(N)c1C(F)(F)F,c1cc([*:1])c([*:2])c([*:3])c1[*:4],[*:1]CC,[*:2]F,[*:3]N,[*:4]C(F)(F)F,6.722
c1cc(CC)c(F)c(O)c1CC,c1cc([*:1])c([*:2])c([*:3])c1[*:4],[*:1]CC,[*:2]F,[*:3]O,[*:4]CC,7.004
c1cc(CC)c(F)c(O)c1C(F)(F)F,c1cc([*:1])c([*:2])c([*:3])c1[*:4],[*:1]CC,[*:2]F,[*:3]O,[*:4]C(F)(F)F,6.891
c1cc(CC)c(F)c(Br)c1C,c1cc([*:1])c([*:2])c([*:3])c1[*:4],[*:1]CC,[*:2]F,[*:3]Br,[*:4]C,7.085
c1cc(CC)c(F)c(Br)c1CC,c1cc([*:1])c([*:2])c([*:3])c1[*:4],[*:1]CC,[*:2]F,[*:3]Br,[*:4]CC,6.924
c1cc(CC)c(F)c(Br)c1C(F)(F)F,c1cc([*:1])c([*:2])c([*:3])c1[*:4],[*:1]CC,[*:2]F,[*:3]Br,[*:4]C(F)(F)F,6.840
c1cc(CC)c(Cl)c(C)c1C,c1cc([*:1])c([*:2])c([*:3])c1[*:4],[*:1]CC,[*:2]Cl,[*:3]C,[*:4]C,6.793
c1cc(CC)c(Cl)c(C)c1CC,c1cc([*:1])c([*:2])c([*:3])c1[*:4],[*:1]CC,[*:2]Cl,[*:3]C,[*:4]CC,6.750
c1cc(CC)c(Cl)c(C)c1C(F)(F)F,c1cc([*:1])c([*:2])c([*:3])c1[*:4],[*:1]CC,[*:2]Cl,[*:3]C,[*:4]C(F)(F)F,6.683
c1cc(CC)c(Cl)c(N)c1CC,c1cc([*:1])c([*:2])c([*:3])c1[*:4],[*:1]CC,[*:2]Cl,[*:3]N,[*:4]CC,6.759
c1cc(CC)c(Cl)c(N)c1C(F)(F)F,c1cc([*:1])c([*:2])c([*:3])c1[*:4],[*:1]CC,[*:2]Cl,[*:3]N,[*:4]C(F)(F)F,6.646
c1cc(CC)c(Cl)c(O)c1CC,c1cc([*:1])c([*:2])c([*:3])c1[*:4],[*:1]CC,[*:2]Cl,[*:3]O,[*:4]CC,6.768
c1cc(CC)c(Cl)c(Br)c1CC,c1cc([*:1])c([*:2])c([*:3])c1[*:4],[*:1]CC,[*:2]Cl,[*:3]Br,[*:4]CC,6.750
c1cc(CC)c(Cl)c(Br)c1C(F)(F)F,c1cc([*:1])c([*:2])c([*:3])c1[*:4],[*:1]CC,[*:2]Cl,[*:3]Br,[*:4]C(F)(F)F,6.615
c1cc(CC)c(C)c(C)c1C,c1cc([*:1])c([*:2])c([*:3])c1[*:4],[*:1]CC,[*:2]C,[*:3]C,[*:4]C,6.327
c1cc(CC)c(C)c(C)c1CC,c1cc([*:1])c([*:2])c([*:3])c1[*:4],[*:1]CC,[*:2]C,[*:3]C,[*:4]CC,6.116
c1cc(CC)c(C)c(N)c1C,c1cc([*:1])c([*:2])c([*:3])c1[*:4],[*:1]CC,[*:2]C,[*:3]N,[*:4]C,6.179
c1cc(CC)c(C)c(N)c1CC,c1cc([*:1])c([*:2])c([*:3])c1[*:4],[*:1]CC,[*:2]C,[*:3]N,[*:4]CC,6.140
c1cc(CC)c(C)c(N)c1C(F)(F)F,c1cc([*:1])c([*:2])c([*:3])c1[*:4],[*:1]CC,[*:2]C,[*:3]N,[*:4]C(F)(F)F,5.966
c1cc(CC)c(C)c(O)c1C,c1cc([*:1])c([*:2])c([*:3])c1[*:4],[*:1]CC,[*:2]C,[*:3]O,[*:4]C,6.198
c1cc(CC)c(C)c(Br)c1C,c1cc([*:1])c([*:2])c([*:3])c1[*:4],[*:1]CC,[*:2]C,[*:3]Br,[*:4]C,6.313
c1cc(CC)c(C)c(Br)c1CC,c1cc([*:1])c([*:2])c([*:3])c1[*:4],[*:1]CC,[*:2]C,[*:3]Br,[*:4]CC,6.093
c1cc(CC)c(C)c(Br)c1C(F)(F)F,c1cc([*:1])c([*:2])c([*:3])c1[*:4],[*:1]CC,[*:2]C,[*:3]Br,[*:4]C(F)(F)F,6.058
c1cc(CC)c(OC)c(C)c1C,c1cc([*:1])c([*:2])c([*:3])c1[*:4],[*:1]CC,[*:2]OC,[*:3]C,[*:4]C,6.070
c1cc(CC)c(OC)c(N)c1C,c1cc([*:1])c([*:2])c([*:3])c1[*:4],[*:1]CC,[*:2]OC,[*:3]N,[*:4]C,6.063
c1cc(CC)c(OC)c(N)c1C(F)(F)F,c1cc([*:1])c([*:2])c([*:3])c1[*:4],[*:1]CC,[*:2]OC,[*:3]N,[*:4]C(F)(F)F,5.831
c1cc(CC)c(OC)c(O)c1C,c1cc([*:1])c([*:2])c([*:3])c1[*:4],[*:1]CC,[*:2]OC,[*:3]O,[*:4]C,6.084
c1cc(CC)c(OC)c(O)c1C(F)(F)F,c1cc([*:1])c([*:2])c([*:3])c1[*:4],[*:1]CC,[*:2]OC,[*:3]O,[*:4]C(F)(F)F,5.847
c1cc(CC)c(OC)c(Br)c1CC,c1cc([*:1])c([*:2])c([*:3])c1[*:4],[*:1]CC,[*:2]OC,[*:3]Br,[*:4]CC,6.012
c1cc(CCC)c(F)c(C)c1CC,c1cc([*:1])c([*:2])c([*:3])c1[*:4],[*:1]CCC,[*:2]F,[*:3]C,[*:4]CC,7.096
c1cc(CCC)c(F)c(C)c1C(F)(F)F,c1cc([*:1])c([*:2])c([*:3])c1[*:4],[*:1]CCC,[*:2]F,[*:3]C,[*:4]C(F)(F)F,6.926
c1cc(CCC)c(F)c(N)c1C,c1cc([*:1])c([*:2])c([*:3])c1[*:4],[*:1]CCC,[*:2]F,[*:3]N,[*:4]C,7.229
c1cc(CCC)c(F)c(O)c1CC,c1cc([*:1])c([*:2])c([*:3])c1[*:4],[*:1]CCC,[*:2]F,[*:3]O,[*:4]CC,6.991
c1cc(CCC)c(F)c(Br)c1C,c1cc([*:1])c([*:2])c([*:3])c1[*:4],[*:1]CCC,[*:2]F,[*:3]Br,[*:4]C,7.052
c1cc(CCC)c(F)c(Br)c1CC,c1cc([*:1])c([*:2])c([*:3])c1[*:4],[*:1]CCC,[*:2]F,[*:3]Br,[*:4]CC,7.097
c1cc(CCC)c(F)c(Br)c1C(F)(F)F,c1cc([*:1])c([*:2])c([*:3])c1[*:4],[*:1]CCC,[*:2]F,[*:3]Br,[*:4]C(F)(F)F,6.903
c1cc(CCC)c(Cl)c(C)c1C,c1cc([*:1])c([*:2])c([*:3])c1[*:4],[*:1]CCC,[*:2]Cl,[*:3]C,[*:4]C,7.037
c1cc(CCC)c(Cl)c(N)c1CC,c1cc([*:1])c([*:2])c([*:3])c1[*:4],[*:1]CCC,[*:2]Cl,[*:3]N,[*:4]CC,6.833
c1cc(CCC)c(Cl)c(O)c1CC,c1cc([*:1])c([*:2])c([*:3])c1[*:4],[*:1]CCC,[*:2]Cl,[*:3]O,[*:4]CC,6.950
c1cc(CCC)c(Cl)c(Br)c1CC,c1cc([*:1])c([*:2])c([*:3])c1[*:4],[*:1]CCC,[*:2]Cl,[*:3]Br,[*:4]CC,6.857
c1cc(CCC)c(C)c(C)c1C,c1cc([*:1])c([*:2])c([*:3])c1[*:4],[*:1]CCC,[*:2]C,[*:3]C,[*:4]C,6.426
c1cc(CCC)c(C)c(C)c1C(F)(F)F,c1cc([*:1])c([*:2])c([*:3])c1[*:4],[*:1]CCC,[*:2]C,[*:3]C,[*:4]C(F)(F)F,6.179
c1cc(CCC)c(C)c(O)c1C,c1cc([*:1])c([*:2])c([*:3])c1[*:4],[*:1]CCC,[*:2]C,[*:3]O,[*:4]C,6.273
c1cc(CCC)c(C)c(O)c1CC,c1cc([*:1])c([*:2])c([*:3])c1[*:4],[*:1]CCC,[*:2]C,[*:3]O,[*:4]CC,6.308
c1cc(CCC)c(C)c(O)c1C(F)(F)F,c1cc([*:1])c([*:2])c([*:3])c1[*:4],[*:1]CCC,[*:2]C,[*:3]O,[*:4]C(F)(F)F,6.249
c1cc(CCC)c(C)c(Br)c1CC,c1cc([*:1])c([*:2])c([*:3])c1[*:4],[*:1]CCC,[*:2]C,[*:3]Br,[*:4]CC,6.215
c1cc(CCC)c(C)c(Br)c1C(F)(F)F,c1cc([*:1])c([*:2])c([*:3])c1[*:4],[*:1]CCC,[*:2]C,[*:3]Br,[*:4]C(F)(F)F,6.001
c1cc(CCC)c(OC)c(C)c1C(F)(F)F,c1cc([*:1])c([*:2])c([*:3])c1[*:4],[*:1]CCC,[*:2]OC,[*:3]C,[*:4]C(F)(F)F,6.004
c1cc(CCC)c(OC)c(N)c1C,c1cc([*:1])c([*:2])c([*:3])c1[*:4],[*:1]CCC,[*:2]OC,[*:3]N,[*:4]C,6.192
c1cc(CCC)c(OC)c(N)c1CC,c1cc([*:1])c([*:2])c([*:3])c1[*:4],[*:1]CCC,[*:2]OC,[*:3]N,[*:4]CC,6.103
c1cc(CCC)c(OC)c(N)c1C(F)(F)F,c1cc([*:1])c([*:2])c([*:3])c1[*:4],[*:1]CCC,[*:2]OC,[*:3]N,[*:4]C(F)(F)F,5.994
c1cc(CCC)c(OC)c(O)c1C,c1cc([*:1])c([*:2])c([*:3])c1[*:4],[*:1]CCC,[*:2]OC,[*:3]O,[*:4]C,6.174
c1cc(CCC)c(OC)c(O)c1C(F)(F)F,c1cc([*:1])c([*:2])c([*:3])c1[*:4],[*:1]CCC,[*:2]OC,[*:3]O,[*:4]C(F)(F)F,6.007
c1cc(CCC)c(OC)c(Br)c1C,c1cc([*:1])c([*:2])c([*:3])c1[*:4],[*:1]CCC,[*:2]OC,[*:3]Br,[*:4]C,6.057
c1cc(CCC)c(OC)c(Br)c1CC,c1cc([*:1])c([*:2])c([*:3])c1[*:4],[*:1]CCC,[*:2]OC,[*:3]Br,[*:4]CC,6.130
c1cc(CCC)c(OC)c(Br)c1C(F)(F)F,c1cc([*:1])c([*:2])c([*:3])c1[*:4],[*:1]CCC,[*:2]OC,[*:3]Br,[*:4]C(F)(F)F,6.046
c1cc(OC)c(F)c(C)c1C,c1cc([*:1])c([*:2])c([*:3])c1[*:4],[*:1]OC,[*:2]F,[*:3]C,[*:4]C,6.797
c1cc(OC)c(F)c(C)c1C(F)(F)F,c1cc([*:1])c([*:2])c([*:3])c1[*:4],[*:1]OC,[*:2]F,[*:3]C,[*:4]C(F)(F)F,6.507
c1cc(OC)c(F)c(N)c1C,c1cc([*:1])c([*:2])c([*:3])c1[*:4],[*:1]OC,[*:2]F,[*:3]N,[*:4]C,6.565
c1cc(OC)c(F)c(O)c1CC,c1cc([*:1])c([*:2])c([*:3])c1[*:4],[*:1]OC,[*:2]F,[*:3]O,[*:4]CC,6.609
c1cc(OC)c(F)c(O)c1C(F)(F)F,c1cc([*:1])c([*:2])c([*:3])c1[*:4],[*:1]OC,[*:2]F,[*:3]O,[*:4]C(F)(F)F,6.507
c1cc(OC)c(F)c(Br)c1C,c1cc([*:1])c([*:2])c([*:3])c1[*:4],[*:1]OC,[*:2]F,[*:3]Br,[*:4]C,6.568
c1cc(OC)c(F)c(Br)c1CC,c1cc([*:1])c([*:2])c([*:3])c1[*:4],[*:1]OC,[*:2]F,[*:3]Br,[*:4]CC,6.511
c1cc(OC)c(F)c(Br)c1C(F)(F)F,c1cc([*:1])c([*:2])c([*:3])c1[*:4],[*:1]OC,[*:2]F,[*:3]Br,[*:4]C(F)(F)F,6.483
c1cc(OC)c(Cl)c(C)c1C,c1cc([*:1])c([*:2])c([*:3])c1[*:4],[*:1]OC,[*:2]Cl,[*:3]C,[*:4]C,6.490
c1cc(OC)c(Cl)c(C)c1C(F)(F)F,c1cc([*:1])c([*:2])c([*:3])c1[*:4],[*:1]OC,[*:2]Cl,[*:3]C,[*:4]C(F)(F)F,6.382
c1cc(OC)c(Cl)c(N)c1CC,c1cc([*:1])c([*:2])c([*:3])c1[*:4],[*:1]OC,[*:2]Cl,[*:3]N,[*:4]CC,6.423
c1cc(OC)c(Cl)c(N)c1C(F)(F)F,c1cc([*:1])c([*:2])c([*:3])c1[*:4],[*:1]OC,[*:2]Cl,[*:3]N,[*:4]C(F)(F)F,6.295
c1cc(OC)c(Cl)c(O)c1C,c1cc([*:1])c([*:2])c([*:3])c1[*:4],[*:1]OC,[*:2]Cl,[*:3]O,[*:4]C,6.514
c1cc(OC)c(Cl)c(Br)c1C,c1cc([*:1])c([*:2])c([*:3])c1[*:4],[*:1]OC,[*:2]Cl,[*:3]Br,[*:4]C,6.363
c1cc(OC)c(Cl)c(Br)c1C(F)(F)F,c1cc([*:1])c([*:2])c([*:3])c1[*:4],[*:1]OC,[*:2]Cl,[*:3]Br,[*:4]C(F)(F)F,6.236
c1cc(OC)c(C)c(C)c1CC,c1cc([*:1])c([*:2])c([*:3])c1[*:4],[*:1]OC,[*:2]C,[*:3]C,[*:4]CC,5.860
c1cc(OC)c(C)c(N)c1C,c1cc([*:1])c([*:2])c([*:3])c1[*:4],[*:1]OC,[*:2]C,[*:3]N,[*:4]C,5.810
c1cc(OC)c(C)c(O)c1CC,c1cc([*:1])c([*:2])c([*:3])c1[*:4],[*:1]OC,[*:2]C,[*:3]O,[*:4]CC,5.825
c1cc(OC)c(C)c(O)c1C(F)(F)F,c1cc([*:1])c([*:2])c([*:3])c1[*:4],[*:1]OC,[*:2]C,[*:3]O,[*:4]C(F)(F)F,5.743
c1cc(OC)c(C)c(Br)c1CC,c1cc([*:1])c([*:2])c([*:3])c1[*:4],[*:1]OC,[*:2]C,[*:3]Br,[*:4]CC,5.750
c1cc(OC)c(C)c(Br)c1C(F)(F)F,c1cc([*:1])c([*:2])c([*:3])c1[*:4],[*:1]OC,[*:2]C,[*:3]Br,[*:4]C(F)(F)F,5.680
c1cc(OC)c(OC)c(C)c1C,c1cc([*:1])c([*:2])c([*:3])c1[*:4],[*:1]OC,[*:2]OC,[*:3]C,[*:4]C,5.720
c1cc(OC)c(OC)c(N)c1CC,c1cc([*:1])c([*:2])c([*:3])c1[*:4],[*:1]OC,[*:2]OC,[*:3]N,[*:4]CC,5.651
c1cc(OC)c(OC)c(N)c1C(F)(F)F,c1cc([*:1])c([*:2])c([*:3])c1[*:4],[*:1]OC,[*:2]OC,[*:3]N,[*:4]C(F)(F)F,5.518
c1cc(OC)c(OC)c(O)c1C,c1cc([*:1])c([*:2])c([*:3])c1[*:4],[*:1]OC,[*:2]OC,[*:3]O,[*:4]C,5.697
c1cc(OC)c(OC)c(Br)c1C,c1cc([*:1])c([*:2])c([*:3])c1[*:4],[*:1]OC,[*:2]OC,[*:3]Br,[*:4]C,5.504
c1cc(OC)c(OC)c(Br)c1CC,c1cc([*:1])c([*:2])c([*:3])c1[*:4],[*:1]OC,[*:2]OC,[*:3]Br,[*:4]CC,5.707
c1cc(OC)c(OC)c(Br)c1C(F)(F)F,c1cc([*:1])c([*:2])c([*:3])c1[*:4],[*:1]OC,[*:2]OC,[*:3]Br,[*:4]C(F)(F)F,5.521
c1cc(F)c(F)c(C)c1C(F)(F)F,c1cc([*:1])c([*:2])c([*:3])c1[*:4],[*:1]F,[*:2]F,[*:3]C,[*:4]C(F)(F)F,6.467
c1cc(F)c(F)c(N)c1CC,c1cc([*:1])c([*:2])c([*:3])c1[*:4],[*:1]F,[*:2]F,[*:3]N,[*:4]CC,6.553
c1cc(F)c(F)c(Br)c1C,c1cc([*:1])c([*:2])c([*:3])c1[*:4],[*:1]F,[*:2]F,[*:3]Br,[*:4]C,6.685
c1cc(F)c(F)c(Br)c1CC,c1cc([*:1])c([*:2])c([*:3])c1[*:4],[*:1]F,[*:2]F,[*:3]Br,[*:4]CC,6.494
c1cc(F)c(Cl)c(C)c1CC,c1cc([*:1])c([*:2])c([*:3])c1[*:4],[*:1]F,[*:2]Cl,[*:3]C,[*:4]CC,6.355
c1cc(F)c(Cl)c(N)c1C,c1cc([*:1])c([*:2])c([*:3])c1[*:4],[*:1]F,[*:2]Cl,[*:3]N,[*:4]C,6.394
c1cc(F)c(Cl)c(N)c1CC,c1cc([*:1])c([*:2])c([*:3])c1[*:4],[*:1]F,[*:2]Cl,[*:3]N,[*:4]CC,6.444
c1cc(F)c(Cl)c(N)c1C(F)(F)F,c1cc([*:1])c([*:2])c([*:3])c1[*:4],[*:1]F,[*:2]Cl,[*:3]N,[*:4]C(F)(F)F,6.206
c1cc(F)c(Cl)c(O)c1CC,c1cc([*:1])c([*:2])c([*:3])c1[*:4],[*:1]F,[*:2]Cl,[*:3]O,[*:4]CC,6.325
c1cc(F)c(Cl)c(O)c1C(F)(F)F,c1cc([*:1])c([*:2])c([*:3])c1[*:4],[*:1]F,[*:2]Cl,[*:3]O,[*:4]C(F)(F)F,6.219
c1cc(F)c(C)c(C)c1C,c1cc([*:1])c([*:2])c([*:3])c1[*:4],[*:1]F,[*:2]C,[*:3]C,[*:4]C,5.932
c1cc(F)c(C)c(C)c1CC,c1cc([*:1])c([*:2])c([*:3])c1[*:4],[*:1]F,[*:2]C,[*:3]C,[*:4]CC,5.801
c1cc(F)c(C)c(N)c1C,c1cc([*:1])c([*:2])c([*:3])c1[*:4],[*:1]F,[*:2]C,[*:3]N,[*:4]C,5.768
c1cc(F)c(C)c(N)c1CC,c1cc([*:1])c([*:2])c([*:3])c1[*:4],[*:1]F,[*:2]C,[*:3]N,[*:4]CC,5.765
c1cc(F)c(C)c(N)c1C(F)(F)F,c1cc([*:1])c([*:2])c([*:3])c1[*:4],[*:1]F,[*:2]C,[*:3]N,[*:4]C(F)(F)F,5.655
c1cc(F)c(C)c(O)c1C(F)(F)F,c1cc([*:1])c([*:2])c([*:3])c1[*:4],[*:1]F,[*:2]C,[*:3]O,[*:4]C(F)(F)F,5.569
c1cc(F)c(C)c(Br)c1C,c1cc([*:1])c([*:2])c([*:3])c1[*:4],[*:1]F,[*:2]C,[*:3]Br,[*:4]C,5.856
c1cc(F)c(C)c(Br)c1CC,c1cc([*:1])c([*:2])c([*:3])c1[*:4],[*:1]F,[*:2]C,[*:3]Br,[*:4]CC,5.700
c1cc(F)c(C)c(Br)c1C(F)(F)F,c1cc([*:1])c([*:2])c([*:3])c1[*:4],[*:1]F,[*:2]C,[*:3]Br,[*:4]C(F)(F)F,5.646
c1cc(F)c(OC)c(C)c1C,c1cc([*:1])c([*:2])c([*:3])c1[*:4],[*:1]F,[*:2]OC,[*:3]C,[*:4]C,5.676
c1cc(F)c(OC)c(C)c1CC,c1cc([*:1])c([*:2])c([*:3])c1[*:4],[*:1]F,[*:2]OC,[*:3]C,[*:4]CC,5.574
c1cc(F)c(OC)c(N)c1C,c1cc([*:1])c([*:2])c([*:3])c1[*:4],[*:1]F,[*:2]OC,[*:3]N,[*:4]C,5.625
c1cc(F)c(OC)c(O)c1CC,c1cc([*:1])c([*:2])c([*:3])c1[*:4],[*:1]F,[*:2]OC,[*:3]O,[*:4]CC,5.647
c1cc(F)c(OC)c(Br)c1C,c1cc([*:1])c([*:2])c([*:3])c1[*:4],[*:1]F,[*:2]OC,[*:3]Br,[*:4]C,5.638
c1cc(F)c(OC)c(Br)c1CC,c1cc([*:1])c([*:2])c([*:3])c1[*:4],[*:1]F,[*:2]OC,[*:3]Br,[*:4]CC,5.485
c1cc(F)c(OC)c(Br)c1C(F)(F)F,c1cc([*:1])c([*:2])c([*:3])c1[*:4],[*:1]F,[*:2]OC,[*:3]Br,[*:4]C(F)(F)F,5.432
C1CC(C)C(F)C(C)C1C,C1CC([*:1])C([*:2])C([*:3])C1[*:4],[*:1]C,[*:2]F,[*:3]C,[*:4]C,6.587
C1CC(C)C(F)C(C)C1CC,C1CC([*:1])C([*:2])C([*:3])C1[*:4],[*:1]C,[*:2]F,[*:3]C,[*:4]CC,6.458
C1CC(C)C(F)C(C)C1C(F)(F)F,C1CC([*:1])C([*:2])C([*:3])C1[*:4],[*:1]C,[*:2]F,[*:3]C,[*:4]C(F)(F)F,6.400
C1CC(C)C(F)C(N)C1C,C1CC([*:1])C([*:2])C([*:3])C1[*:4],[*:1]C,[*:2]F,[*:3]N,[*:4]C,6.450
C1CC(C)C(F)C(N)C1CC,C1CC([*:1])C([*:2])C([*:3])C1[*:4],[*:1]C,[*:2]F,[*:3]N,[*:4]CC,6.418
C1CC(C)C(F)C(N)C1C(F)(F)F,C1CC([*:1])C([*:2])C([*:3])C1[*:4],[*:1]C,[*:2]F,[*:3]N,[*:4]C(F)(F)F,6.315
C1CC(C)C(F)C(O)C1C,C1CC([*:1])C([*:2])C([*:3])C1[*:4],[*:1]C,[*:2]F,[*:3]O,[*:4]C,6.608
C1CC(C)C(F)C(O)C1CC,C1CC([*:1])C([*:2])C([*:3])C1[*:4],[*:1]C,[*:2]F,[*:3]O,[*:4]CC,6.477
C1CC(C)C(F)C(O)C1C(F)(F)F,C1CC([*:1])C([*:2])C([*:3])C1[*:4],[*:1]C,[*:2]F,[*:3]O,[*:4]C(F)(F)F,6.334
C1CC(C)C(F)C(Br)C1C(F)(F)F,C1CC([*:1])C([*:2])C([*:3])C1[*:4],[*:1]C,[*:2]F,[*:3]Br,[*:4]C(F)(F)F,6.474
C1CC(C)C(Cl)C(C)C1C,C1CC([*:1])C([*:2])C([*:3])C1[*:4],[*:1]C,[*:2]Cl,[*:3]C,[*:4]C,6.445
C1CC(C)C(Cl)C(C)C1CC,C1CC([*:1])C([*:2])C([*:3])C1[*:4],[*:1]C,[*:2]Cl,[*:3]C,[*:4]CC,6.279
C1CC(C)C(Cl)C(C)C1C(F)(F)F,C1CC([*:1])C([*:2])C([*:3])C1[*:4],[*:1]C,[*:2]Cl,[*:3]C,[*:4]C(F)(F)F,6.172
C1CC(C)C(Cl)C(N)C1C,C1CC([*:1])C([*:2])C([*:3])C1[*:4],[*:1]C,[*:2]Cl,[*:3]N,[*:4]C,6.338
C1CC(C)C(Cl)C(O)C1CC,C1CC([*:1])C([*:2])C([*:3])C1[*:4],[*:1]C,[*:2]Cl,[*:3]O,[*:4]CC,6.263
C1CC(C)C(Cl)C(O)C1C(F)(F)F,C1CC([*:1])C([*:2])C([*:3])C1[*:4],[*:1]C,[*:2]Cl,[*:3]O,[*:4]C(F)(F)F,6.130
C1CC(C)C(Cl)C(Br)C1C,C1CC([*:1])C([*:2])C([*:3])C1[*:4],[*:1]C,[*:2]Cl,[*:3]Br,[*:4]C,6.323
C1CC(C)C(Cl)C(Br)C1CC,C1CC([*:1])C([*:2])C([*:3])C1[*:4],[*:1]C,[*:2]Cl,[*:3]Br,[*:4]CC,6.188
C1CC(C)C(Cl)C(Br)C1C(F)(F)F,C1CC([*:1])C([*:2])C([*:3])C1[*:4],[*:1]C,[*:2]Cl,[*:3]Br,[*:4]C(F)(F)F,6.005
C1CC(C)C(C)C(C)C1CC,C1CC([*:1])C([*:2])C([*:3])C1[*:4],[*:1]C,[*:2]C,[*:3]C,[*:4]CC,5.698
C1CC(C)C(C)C(N)C1C(F)(F)F,C1CC([*:1])C([*:2])C([*:3])C1[*:4],[*:1]C,[*:2]C,[*:3]N,[*:4]C(F)(F)F,5.499
C1CC(C)C(C)C(O)C1C,C1CC([*:1])C([*:2])C([*:3])C1[*:4],[*:1]C,[*:2]C,[*:3]O,[*:4]C,5.743
C1CC(C)C(C)C(O)C1CC,C1CC([*:1])C([*:2])C([*:3])C1[*:4],[*:1]C,[*:2]C,[*:3]O,[*:4]CC,5.589
C1CC(C)C(C)C(Br)C1C(F)(F)F,C1CC([*:1])C([*:2])C([*:3])C1[*:4],[*:1]C,[*:2]C,[*:3]Br,[*:4]C(F)(F)F,5.561
C1CC(C)C(OC)C(N)C1C,C1CC([*:1])C([*:2])C([*:3])C1[*:4],[*:1]C,[*:2]OC,[*:3]N,[*:4]C,5.548
C1CC(C)C(OC)C(N)C1CC,C1CC([*:1])C([*:2])C([*:3])C1[*:4],[*:1]C,[*:2]OC,[*:3]N,[*:4]CC,5.435
C1CC(C)C(OC)C(N)C1C(F)(F)F,C1CC([*:1])C([*:2])C([*:3])C1[*:4],[*:1]C,[*:2]OC,[*:3]N,[*:4]C(F)(F)F,5.360
C1CC(C)C(OC)C(O)C1C(F)(F)F,C1CC([*:1])C([*:2])C([*:3])C1[*:4],[*:1]C,[*:2]OC,[*:3]O,[*:4]C(F)(F)F,5.304
C1CC(C)C(OC)C(Br)C1C,C1CC([*:1])C([*:2])C([*:3])C1[*:4],[*:1]C,[*:2]OC,[*:3]Br,[*:4]C,5.571
C1CC(C)C(OC)C(Br)C1CC,C1CC([*:1])C([*:2])C([*:3])C1[*:4],[*:1]C,[*:2]OC,[*:3]Br,[*:4]CC,5.362
C1CC(C)C(OC)C(Br)C1C(F)(F)F,C1CC([*:1])C([*:2])C([*:3])C1[*:4],[*:1]C,[*:2]OC,[*:3]Br,[*:4]C(F)(F)F,5.336
C1CC(CC)C(F)C(C)C1C,C1CC([*:1])C([*:2])C([*:3])C1[*:4],[*:1]CC,[*:2]F,[*:3]C,[*:4]C,6.716
C1CC(CC)C(F)C(C)C1CC,C1CC([*:1])C([*:2])C([*:3])C1[*:4],[*:1]CC,[*:2]F,[*:3]C,[*:4]CC,6.562
C1CC(CC)C(F)C(C)C1C(F)(F)F,C1CC([*:1])C([*:2])C([*:3])C1[*:4],[*:1]CC,[*:2]F,[*:3]C,[*:4]C(F)(F)F,6.503
C1CC(CC)C(F)C(N)C1CC,C1CC([*:1])C([*:2])C([*:3])C1[*:4],[*:1]CC,[*:2]F,[*:3]N,[*:4]CC,6.547
C1CC(CC)C(F)C(N)C1C(F)(F)F,C1CC([*:1])C([*:2])C([*:3])C1[*:4],[*:1]CC,[*:2]F,[*:3]N,[*:4]C(F)(F)F,6.450
C1CC(CC)C(F)C(O)C1C,C1CC([*:1])C([*:2])C([*:3])C1[*:4],[*:1]CC,[*:2]F,[*:3]O,[*:4]C,6.659
C1CC(CC)C(F)C(O)C1C(F)(F)F,C1CC([*:1])C([*:2])C([*:3])C1[*:4],[*:1]CC,[*:2]F,[*:3]O,[*:4]C(F)(F)F,6.622
C1CC(CC)C(F)C(Br)C1C,C1CC([*:1])C([*:2])C([*:3])C1[*:4],[*:1]CC,[*:2]F,[*:3]Br,[*:4]C,6.645
C1CC(CC)C(F)C(Br)C1CC,C1CC([*:1])C([*:2])C([*:3])C1[*:4],[*:1]CC,[*:2]F,[*:3]Br,[*:4]CC,6.471
C1CC(CC)C(F)C(Br)C1C(F)(F)F,C1CC([*:1])C([*:2])C([*:3])C1[*:4],[*:1]CC,[*:2]F,[*:3]Br,[*:4]C(F)(F)F,6.431
C1CC(CC)C(Cl)C(C)C1C,C1CC([*:1])C([*:2])C([*:3])C1[*:4],[*:1]CC,[*:2]Cl,[*:3]C,[*:4]C,6.469
C1CC(CC)C(Cl)C(C)C1C(F)(F)F,C1CC([*:1])C([*:2])C([*:3])C1[*:4],[*:1]CC,[*:2]Cl,[*:3]C,[*:4]C(F)(F)F,6.251
C1CC(CC)C(Cl)C(N)C1C(F)(F)F,C1CC([*:1])C([*:2])C([*:3])C1[*:4],[*:1]CC,[*:2]Cl,[*:3]N,[*:4]C(F)(F)F,6.274
C1CC(CC)C(Cl)C(O)C1C(F)(F)F,C1CC([*:1])C([*:2])C([*:3])C1[*:4],[*:1]CC,[*:2]Cl,[*:3]O,[*:4]C(F)(F)F,6.192
C1CC(CC)C(Cl)C(Br)C1C,C1CC([*:1])C([*:2])C([*:3])C1[*:4],[*:1]CC,[*:2]Cl,[*:3]Br,[*:4]C,6.381
C1CC(CC)C(Cl)C(Br)C1CC,C1CC([*:1])C([*:2])C([*:3])C1[*:4],[*:1]CC,[*:2]Cl,[*:3]Br,[*:4]CC,6.333
C1CC(CC)C(Cl)C(Br)C1C(F)(F)F,C1CC([*:1])C([*:2])C([*:3])C1[*:4],[*:1]CC,[*:2]Cl,[*:3]Br,[*:4]C(F)(F)F,6.202
C1CC(CC)C(C)C(C)C1C,C1CC([*:1])C([*:2])C([*:3])C1[*:4],[*:1]CC,[*:2]C,[*:3]C,[*:4]C,5.911
C1CC(CC)C(C)C(C)C1CC,C1CC([*:1])C([*:2])C([*:3])C1[*:4],[*:1]CC,[*:2]C,[*:3]C,[*:4]CC,5.764
C1CC(CC)C(C)C(N)C1C(F)(F)F,C1CC([*:1])C([*:2])C([*:3])C1[*:4],[*:1]CC,[*:2]C,[*:3]N,[*:4]C(F)(F)F,5.657
C1CC(CC)C(C)C(O)C1C,C1CC([*:1])C([*:2])C([*:3])C1[*:4],[*:1]CC,[*:2]C,[*:3]O,[*:4]C,5.858
C1CC(CC)C(C)C(Br)C1C,C1CC([*:1])C([*:2])C([*:3])C1[*:4],[*:1]CC,[*:2]C,[*:3]Br,[*:4]C,5.812
C1CC(CC)C(OC)C(C)C1C,C1CC([*:1])C([*:2])C([*:3])C1[*:4],[*:1]CC,[*:2]OC,[*:3]C,[*:4]C,5.661
C1CC(CC)C(OC)C(C)C1CC,C1CC([*:1])C([*:2])C([*:3])C1[*:4],[*:1]CC,[*:2]OC,[*:3]C,[*:4]CC,5.582
C1CC(CC)C(OC)C(C)C1C(F)(F)F,C1CC([*:1])C([*:2])C([*:3])C1[*:4],[*:1]CC,[*:2]OC,[*:3]C,[*:4]C(F)(F)F,5.516
C1CC(CC)C(OC)C(N)C1C,C1CC([*:1])C([*:2])C([*:3])C1[*:4],[*:1]CC,[*:2]OC,[*:3]N,[*:4]C,5.599
C1CC(CC)C(OC)C(O)C1CC,C1CC([*:1])C([*:2])C([*:3])C1[*:4],[*:1]CC,[*:2]OC,[*:3]O,[*:4]CC,5.502
C1CC(CC)C(OC)C(O)C1C(F)(F)F,C1CC([*:1])C([*:2])C([*:3])C1[*:4],[*:1]CC,[*:2]OC,[*:3]O,[*:4]C(F)(F)F,5.439
C1CC(CC)C(OC)C(Br)C1C,C1CC([*:1])C([*:2])C([*:3])C1[*:4],[*:1]CC,[*:2]OC,[*:3]Br,[*:4]C,5.585
C1CC(CCC)C(F)C(C)C1C,C1CC([*:1])C([*:2])C([*:3])C1[*:4],[*:1]CCC,[*:2]F,[*:3]C,[*:4]C,6.801
C1CC(CCC)C(F)C(C)C1CC,C1CC([*:1])C([*:2])C([*:3])C1[*:4],[*:1]CCC,[*:2]F,[*:3]C,[*:4]CC,6.660
C1CC(CCC)C(F)C(N)C1C,C1CC([*:1])C([*:2])C([*:3])C1[*:4],[*:1]CCC,[*:2]F,[*:3]N,[*:4]C,6.725
C1CC(CCC)C(F)C(O)C1CC,C1CC([*:1])C([*:2])C([*:3])C1[*:4],[*:1]CCC,[*:2]F,[*:3]O,[*:4]CC,6.615
C1CC(CCC)C(F)C(O)C1C(F)(F)F,C1CC([*:1])C([*:2])C([*:3])C1[*:4],[*:1]CCC,[*:2]F,[*:3]O,[*:4]C(F)(F)F,6.621
C1CC(CCC)C(F)C(Br)C1CC,C1CC([*:1])C([*:2])C([*:3])C1[*:4],[*:1]CCC,[*:2]F,[*:3]Br,[*:4]CC,6.653
C1CC(CCC)C(Cl)C(N)C1CC,C1CC([*:1])C([*:2])C([*:3])C1[*:4],[*:1]CCC,[*:2]Cl,[*:3]N,[*:4]CC,6.436
C1CC(CCC)C(Cl)C(N)C1C(F)(F)F,C1CC([*:1])C([*:2])C([*:3])C1[*:4],[*:1]CCC,[*:2]Cl,[*:3]N,[*:4]C(F)(F)F,6.387
C1CC(CCC)C(Cl)C(O)C1C,C1CC([*:1])C([*:2])C([*:3])C1[*:4],[*:1]CCC,[*:2]Cl,[*:3]O,[*:4]C,6.615
C1CC(CCC)C(Cl)C(O)C1CC,C1CC([*:1])C([*:2])C([*:3])C1[*:4],[*:1]CCC,[*:2]Cl,[*:3]O,[*:4]CC,6.508
C1CC(CCC)C(Cl)C(O)C1C(F)(F)F,C1CC([*:1])C([*:2])C([*:3])C1[*:4],[*:1]CCC,[*:2]Cl,[*:3]O,[*:4]C(F)(F)F,6.413
C1CC(CCC)C(Cl)C(Br)C1CC,C1CC([*:1])C([*:2])C([*:3])C1[*:4],[*:1]CCC,[*:2]Cl,[*:3]Br,[*:4]CC,6.472
C1CC(CCC)C(Cl)C(Br)C1C(F)(F)F,C1CC([*:1])C([*:2])C([*:3])C1[*:4],[*:1]CCC,[*:2]Cl,[*:3]Br,[*:4]C(F)(F)F,6.325
C1CC(CCC)C(C)C(C)C1CC,C1CC([*:1])C([*:2])C([*:3])C1[*:4],[*:1]CCC,[*:2]C,[*:3]C,[*:4]CC,5.905
C1CC(CCC)C(C)C(C)C1C(F)(F)F,C1CC([*:1])C([*:2])C([*:3])C1[*:4],[*:1]CCC,[*:2]C,[*:3]C,[*:4]C(F)(F)F,5.750
C1CC(CCC)C(C)C(N)C1CC,C1CC([*:1])C([*:2])C([*:3])C1[*:4],[*:1]CCC,[*:2]C,[*:3]N,[*:4]CC,5.887
C1CC(CCC)C(C)C(O)C1C,C1CC([*:1])C([*:2])C([*:3])C1[*:4],[*:1]CCC,[*:2]C,[*:3]O,[*:4]C,5.924
C1CC(CCC)C(C)C(O)C1CC,C1CC([*:1])C([*:2])C([*:3])C1[*:4],[*:1]CCC,[*:2]C,[*:3]O,[*:4]CC,5.938
C1CC(CCC)C(C)C(O)C1C(F)(F)F,C1CC([*:1])C([*:2])C([*:3])C1[*:4],[*:1]CCC,[*:2]C,[*:3]O,[*:4]C(F)(F)F,5.716
C1CC(CCC)C(C)C(Br)C1C(F)(F)F,C1CC([*:1])C([*:2])C([*:3])C1[*:4],[*:1]CCC,[*:2]C,[*:3]Br,[*:4]C(F)(F)F,5.730
C1CC(CCC)C(OC)C(C)C1C,C1CC([*:1])C([*:2])C([*:3])C1[*:4],[*:1]CCC,[*:2]OC,[*:3]C,[*:4]C,5.803
C1CC(CCC)C(OC)C(C)C1C(F)(F)F,C1CC([*:1])C([*:2])C([*:3])C1[*:4],[*:1]CCC,[*:2]OC,[*:3]C,[*:4]C(F)(F)F,5.551
C1CC(CCC)C(OC)C(N)C1C,C1CC([*:1])C([*:2])C([*:3])C1[*:4],[*:1]CCC,[*:2]OC,[*:3]N,[*:4]C,5.745
C1CC(CCC)C(OC)C(O)C1C,C1CC([*:1])C([*:2])C([*:3])C1[*:4],[*:1]CCC,[*:2]OC,[*:3]O,[*:4]C,5.707
C1CC(CCC)C(OC)C(O)C1C(F)(F)F,C1CC([*:1])C([*:2])C([*:3])C1[*:4],[*:1]CCC,[*:2]OC,[*:3]O,[*:4]C(F)(F)F,5.559
C1CC(OC)C(F)C(C)C1CC,C1CC([*:1])C([*:2])C([*:3])C1[*:4],[*:1]OC,[*:2]F,[*:3]C,[*:4]CC,6.284
C1CC(OC)C(F)C(C)C1C(F)(F)F,C1CC([*:1])C([*:2])C([*:3])C1[*:4],[*:1]OC,[*:2]F,[*:3]C,[*:4]C(F)(F)F,6.115
C1CC(OC)C(F)C(N)C1CC,C1CC([*:1])C([*:2])C([*:3])C1[*:4],[*:1]OC,[*:2]F,[*:3]N,[*:4]CC,6.172
C1CC(OC)C(F)C(N)C1C(F)(F)F,C1CC([*:1])C([*:2])C([*:3])C1[*:4],[*:1]OC,[*:2]F,[*:3]N,[*:4]C(F)(F)F,6.091
C1CC(OC)C(F)C(O)C1CC,C1CC([*:1])C([*:2])C([*:3])C1[*:4],[*:1]OC,[*:2]F,[*:3]O,[*:4]CC,6.188
C1CC(OC)C(F)C(O)C1C(F)(F)F,C1CC([*:1])C([*:2])C([*:3])C1[*:4],[*:1]OC,[*:2]F,[*:3]O,[*:4]C(F)(F)F,6.052
C1CC(OC)C(F)C(Br)C1C,C1CC([*:1])C([*:2])C([*:3])C1[*:4],[*:1]OC,[*:2]F,[*:3]Br,[*:4]C,6.160
C1CC(OC)C(F)C(Br)C1CC,C1CC([*:1])C([*:2])C([*:3])C1[*:4],[*:1]OC,[*:2]F,[*:3]Br,[*:4]CC,6.136
C1CC(OC)C(F)C(Br)C1C(F)(F)F,C1CC([*:1])C([*:2])C([*:3])C1[*:4],[*:1]OC,[*:2]F,[*:3]Br,[*:4]C(F)(F)F,6.044
C1CC(OC)C(Cl)C(C)C1C,C1CC([*:1])C([*:2])C([*:3])C1[*:4],[*:1]OC,[*:2]Cl,[*:3]C,[*:4]C,6.152
C1CC(OC)C(Cl)C(C)C1C(F)(F)F,C1CC([*:1])C([*:2])C([*:3])C1[*:4],[*:1]OC,[*:2]Cl,[*:3]C,[*:4]C(F)(F)F,5.904
C1CC(OC)C(Cl)C(N)C1C,C1CC([*:1])C([*:2])C([*:3])C1[*:4],[*:1]OC,[*:2]Cl,[*:3]N,[*:4]C,6.084
C1CC(OC)C(Cl)C(N)C1CC,C1CC([*:1])C([*:2])C([*:3])C1[*:4],[*:1]OC,[*:2]Cl,[*:3]N,[*:4]CC,5.992
C1CC(OC)C(Cl)C(O)C1C,C1CC([*:1])C([*:2])C([*:3])C1[*:4],[*:1]OC,[*:2]Cl,[*:3]O,[*:4]C,6.183
C1CC(OC)C(Cl)C(O)C1CC,C1CC([*:1])C([*:2])C([*:3])C1[*:4],[*:1]OC,[*:2]Cl,[*:3]O,[*:4]CC,5.992
C1CC(OC)C(Cl)C(Br)C1C,C1CC([*:1])C([*:2])C([*:3])C1[*:4],[*:1]OC,[*:2]Cl,[*:3]Br,[*:4]C,6.140
C1CC(OC)C(C)C(C)C1C,C1CC([*:1])C([*:2])C([*:3])C1[*:4],[*:1]OC,[*:2]C,[*:3]C,[*:4]C,5.457
C1CC(OC)C(C)C(C)C1CC,C1CC([*:1])C([*:2])C([*:3])C1[*:4],[*:1]OC,[*:2]C,[*:3]C,[*:4]CC,5.500
C1CC(OC)C(C)C(C)C1C(F)(F)F,C1CC([*:1])C([*:2])C([*:3])C1[*:4],[*:1]OC,[*:2]C,[*:3]C,[*:4]C(F)(F)F,5.314
C1CC(OC)C(C)C(N)C1C,C1CC([*:1])C([*:2])C([*:3])C1[*:4],[*:1]OC,[*:2]C,[*:3]N,[*:4]C,5.509
C1CC(OC)C(C)C(N)C1CC,C1CC([*:1])C([*:2])C([*:3])C1[*:4],[*:1]OC,[*:2]C,[*:3]N,[*:4]CC,5.395
C1CC(OC)C(C)C(N)C1C(F)(F)F,C1CC([*:1])C([*:2])C([*:3])C1[*:4],[*:1]OC,[*:2]C,[*:3]N,[*:4]C(F)(F)F,5.211
C1CC(OC)C(C)C(O)C1C(F)(F)F,C1CC([*:1])C([*:2])C([*:3])C1[*:4],[*:1]OC,[*:2]C,[*:3]O,[*:4]C(F)(F)F,5.226
C1CC(OC)C(C)C(Br)C1C,C1CC([*:1])C([*:2])C([*:3])C1[*:4],[*:1]OC,[*:2]C,[*:3]Br,[*:4]C,5.444
C1CC(OC)C(C)C(Br)C1C(F)(F)F,C1CC([*:1])C([*:2])C([*:3])C1[*:4],[*:1]OC,[*:2]C,[*:3]Br,[*:4]C(F)(F)F,5.319
C1CC(OC)C(OC)C(C)C1CC,C1CC([*:1])C([*:2])C([*:3])C1[*:4],[*:1]OC,[*:2]OC,[*:3]C,[*:4]CC,5.246
C1CC(OC)C(OC)C(N)C1C,C1CC([*:1])C([*:2])C([*:3])C1[*:4],[*:1]OC,[*:2]OC,[*:3]N,[*:4]C,5.284
C1CC(OC)C(OC)C(N)C1CC,C1CC([*:1])C([*:2])C([*:3])C1[*:4],[*:1]OC,[*:2]OC,[*:3]N,[*:4]CC,5.220
C1CC(OC)C(OC)C(Br)C1C,C1CC([*:1])C([*:2])C([*:3])C1[*:4],[*:1]OC,[*:2]OC,[*:3]Br,[*:4]C,5.274
C1CC(OC)C(OC)C(Br)C1CC,C1CC([*:1])C([*:2])C([*:3])C1[*:4],[*:1]OC,[*:2]OC,[*:3]Br,[*:4]CC,5.112
C1CC(F)C(F)C(C)C1CC,C1CC([*:1])C([*:2])C([*:3])C1[*:4],[*:1]F,[*:2]F,[*:3]C,[*:4]CC,6.218
C1CC(F)C(F)C(N)C1C,C1CC([*:1])C([*:2])C([*:3])C1[*:4],[*:1]F,[*:2]F,[*:3]N,[*:4]C,6.304
C1CC(F)C(F)C(N)C1C(F)(F)F,C1CC([*:1])C([*:2])C([*:3])C1[*:4],[*:1]F,[*:2]F,[*:3]N,[*:4]C(F)(F)F,6.144
C1CC(F)C(F)C(O)C1C,C1CC([*:1])C([*:2])C([*:3])C1[*:4],[*:1]F,[*:2]F,[*:3]O,[*:4]C,6.297
C1CC(F)C(Cl)C(C)C1C(F)(F)F,C1CC([*:1])C([*:2])C([*:3])C1[*:4],[*:1]F,[*:2]Cl,[*:3]C,[*:4]C(F)(F)F,5.887
C1CC(F)C(Cl)C(N)C1CC,C1CC([*:1])C([*:2])C([*:3])C1[*:4],[*:1]F,[*:2]Cl,[*:3]N,[*:4]CC,5.891
C1CC(F)C(Cl)C(N)C1C(F)(F)F,C1CC([*:1])C([*:2])C([*:3])C1[*:4],[*:1]F,[*:2]Cl,[*:3]N,[*:4]C(F)(F)F,5.921
C1CC(F)C(Cl)C(Br)C1C,C1CC([*:1])C([*:2])C([*:3])C1[*:4],[*:1]F,[*:2]Cl,[*:3]Br,[*:4]C,6.079
C1CC(F)C(Cl)C(Br)C1C(F)(F)F,C1CC([*:1])C([*:2])C([*:3])C1[*:4],[*:1]F,[*:2]Cl,[*:3]Br,[*:4]C(F)(F)F,5.826
C1CC(F)C(C)C(C)C1C(F)(F)F,C1CC([*:1])C([*:2])C([*:3])C1[*:4],[*:1]F,[*:2]C,[*:3]C,[*:4]C(F)(F)F,5.274
C1CC(F)C(C)C(N)C1CC,C1CC([*:1])C([*:2])C([*:3])C1[*:4],[*:1]F,[*:2]C,[*:3]N,[*:4]CC,5.304
C1CC(F)C(C)C(O)C1CC,C1CC([*:1])C([*:2])C([*:3])C1[*:4],[*:1]F,[*:2]C,[*:3]O,[*:4]CC,5.407
C1CC(F)C(C)C(O)C1C(F)(F)F,C1CC([*:1])C([*:2])C([*:3])C1[*:4],[*:1]F,[*:2]C,[*:3]O,[*:4]C(F)(F)F,5.330
C1CC(F)C(C)C(Br)C1C,C1CC([*:1])C([*:2])C([*:3])C1[*:4],[*:1]F,[*:2]C,[*:3]Br,[*:4]C,5.464
C1CC(F)C(C)C(Br)C1C(F)(F)F,C1CC([*:1])C([*:2])C([*:3])C1[*:4],[*:1]F,[*:2]C,[*:3]Br,[*:4]C(F)(F)F,5.189
C1CC(F)C(OC)C(C)C1C,C1CC([*:1])C([*:2])C([*:3])C1[*:4],[*:1]F,[*:2]OC,[*:3]C,[*:4]C,5.308
C1CC(F)C(OC)C(C)C1CC,C1CC([*:1])C([*:2])C([*:3])C1[*:4],[*:1]F,[*:2]OC,[*:3]C,[*:4]CC,5.211
C1CC(F)C(OC)C(C)C1C(F)(F)F,C1CC([*:1])C([*:2])C([*:3])C1[*:4],[*:1]F,[*:2]OC,[*:3]C,[*:4]C(F)(F)F,5.099
C1CC(F)C(OC)C(N)C1C(F)(F)F,C1CC([*:1])C([*:2])C([*:3])C1[*:4],[*:1]F,[*:2]OC,[*:3]N,[*:4]C(F)(F)F,5.092
C1CC(F)C(OC)C(O)C1CC,C1CC([*:1])C([*:2])C([*:3])C1[*:4],[*:1]F,[*:2]OC,[*:3]O,[*:4]CC,5.171
C1CC(F)C(OC)C(Br)C1C,C1CC([*:1])C([*:2])C([*:3])C1[*:4],[*:1]F,[*:2]OC,[*:3]Br,[*:4]C,5.211
C1CC(F)C(OC)C(Br)C1CC,C1CC([*:1])C([*:2])C([*:3])C1[*:4],[*:1]F,[*:2]OC,[*:3]Br,[*:4]CC,5.086
C1CC(C)C(F)C(C)N1CC,C1CC([*:1])C([*:2])C([*:3])N1[*:4],[*:1]C,[*:2]F,[*:3]C,[*:4]CC,6.343
C1CC(C)C(F)C(N)N1C,C1CC([*:1])C([*:2])C([*:3])N1[*:4],[*:1]C,[*:2]F,[*:3]N,[*:4]C,6.367
C1CC(C)C(F)C(O)N1C,C1CC([*:1])C([*:2])C([*:3])N1[*:4],[*:1]C,[*:2]F,[*:3]O,[*:4]C,6.508
C1CC(C)C(F)C(O)N1CC,C1CC([*:1])C([*:2])C([*:3])N1[*:4],[*:1]C,[*:2]F,[*:3]O,[*:4]CC,6.421
C1CC(C)C(F)C(Br)N1C,C1CC([*:1])C([*:2])C([*:3])N1[*:4],[*:1]C,[*:2]F,[*:3]Br,[*:4]C,6.363
C1CC(C)C(F)C(Br)N1C(F)(F)F,C1CC([*:1])C([*:2])C([*:3])N1[*:4],[*:1]C,[*:2]F,[*:3]Br,[*:4]C(F)(F)F,6.232
C1CC(C)C(Cl)C(C)N1C,C1CC([*:1])C([*:2])C([*:3])N1[*:4],[*:1]C,[*:2]Cl,[*:3]C,[*:4]C,6.201
C1CC(C)C(Cl)C(C)N1CC,C1CC([*:1])C([*:2])C([*:3])N1[*:4],[*:1]C,[*:2]Cl,[*:3]C,[*:4]CC,6.199
C1CC(C)C(Cl)C(C)N1C(F)(F)F,C1CC([*:1])C([*:2])C([*:3])N1[*:4],[*:1]C,[*:2]Cl,[*:3]C,[*:4]C(F)(F)F,6.058
C1CC(C)C(Cl)C(N)N1C,C1CC([*:1])C([*:2])C([*:3])N1[*:4],[*:1]C,[*:2]Cl,[*:3]N,[*:4]C,6.250
C1CC(C)C(Cl)C(N)N1CC,C1CC([*:1])C([*:2])C([*:3])N1[*:4],[*:1]C,[*:2]Cl,[*:3]N,[*:4]CC,6.128
C1CC(C)C(Cl)C(O)N1C,C1CC([*:1])C([*:2])C([*:3])N1[*:4],[*:1]C,[*:2]Cl,[*:3]O,[*:4]C,6.322
C1CC(C)C(Cl)C(O)N1CC,C1CC([*:1])C([*:2])C([*:3])N1[*:4],[*:1]C,[*:2]Cl,[*:3]O,[*:4]CC,6.182
C1CC(C)C(Cl)C(Br)N1C,C1CC([*:1])C([*:2])C([*:3])N1[*:4],[*:1]C,[*:2]Cl,[*:3]Br,[*:4]C,6.207
C1CC(C)C(Cl)C(Br)N1C(F)(F)F,C1CC([*:1])C([*:2])C([*:3])N1[*:4],[*:1]C,[*:2]Cl,[*:3]Br,[*:4]C(F)(F)F,6.039
C1CC(C)C(C)C(C)N1C,C1CC([*:1])C([*:2])C([*:3])N1[*:4],[*:1]C,[*:2]C,[*:3]C,[*:4]C,5.728
C1CC(C)C(C)C(C)N1CC,C1CC([*:1])C([*:2])C([*:3])N1[*:4],[*:1]C,[*:2]C,[*:3]C,[*:4]CC,5.533
C1CC(C)C(C)C(N)N1C(F)(F)F,C1CC([*:1])C([*:2])C([*:3])N1[*:4],[*:1]C,[*:2]C,[*:3]N,[*:4]C(F)(F)F,5.545
C1CC(C)C(C)C(O)N1CC,C1CC([*:1])C([*:2])C([*:3])N1[*:4],[*:1]C,[*:2]C,[*:3]O,[*:4]CC,5.521
C1CC(C)C(C)C(Br)N1C,C1CC([*:1])C([*:2])C([*:3])N1[*:4],[*:1]C,[*:2]C,[*:3]Br,[*:4]C,5.562
C1CC(C)C(C)C(Br)N1CC,C1CC([*:1])C([*:2])C([*:3])N1[*:4],[*:1]C,[*:2]C,[*:3]Br,[*:4]CC,5.515
C1CC(C)C(C)C(Br)N1C(F)(F)F,C1CC([*:1])C([*:2])C([*:3])N1[*:4],[*:1]C,[*:2]C,[*:3]Br,[*:4]C(F)(F)F,5.485
C1CC(C)C(OC)C(C)N1C,C1CC([*:1])C([*:2])C([*:3])N1[*:4],[*:1]C,[*:2]OC,[*:3]C,[*:4]C,5.524
C1CC(C)C(OC)C(C)N1CC,C1CC([*:1])C([*:2])C([*:3])N1[*:4],[*:1]C,[*:2]OC,[*:3]C,[*:4]CC,5.406
C1CC(C)C(OC)C(C)N1C(F)(F)F,C1CC([*:1])C([*:2])C([*:3])N1[*:4],[*:1]C,[*:2]OC,[*:3]C,[*:4]C(F)(F)F,5.241
C1CC(C)C(OC)C(N)N1C,C1CC([*:1])C([*:2])C([*:3])N1[*:4],[*:1]C,[*:2]OC,[*:3]N,[*:4]C,5.518
C1CC(C)C(OC)C(O)N1CC,C1CC([*:1])C([*:2])C([*:3])N1[*:4],[*:1]C,[*:2]OC,[*:3]O,[*:4]CC,5.405
C1CC(C)C(OC)C(Br)N1C,C1CC([*:1])C([*:2])C([*:3])N1[*:4],[*:1]C,[*:2]OC,[*:3]Br,[*:4]C,5.340
C1CC(C)C(OC)C(Br)N1C(F)(F)F,C1CC([*:1])C([*:2])C([*:3])N1[*:4],[*:1]C,[*:2]OC,[*:3]Br,[*:4]C(F)(F)F,5.291
C1CC(CC)C(F)C(N)N1C,C1CC([*:1])C([*:2])C([*:3])N1[*:4],[*:1]CC,[*:2]F,[*:3]N,[*:4]C,6.444
C1CC(CC)C(F)C(N)N1CC,C1CC([*:1])C([*:2])C([*:3])N1[*:4],[*:1]CC,[*:2]F,[*:3]N,[*:4]CC,6.455
C1CC(CC)C(F)C(N)N1C(F)(F)F,C1CC([*:1])C([*:2])C([*:3])N1[*:4],[*:1]CC,[*:2]F,[*:3]N,[*:4]C(F)(F)F,6.315
C1CC(CC)C(F)C(O)N1CC,C1CC([*:1])C([*:2])C([*:3])N1[*:4],[*:1]CC,[*:2]F,[*:3]O,[*:4]CC,6.504
C1CC(CC)C(F)C(O)N1C(F)(F)F,C1CC([*:1])C([*:2])C([*:3])N1[*:4],[*:1]CC,[*:2]F,[*:3]O,[*:4]C(F)(F)F,6.343
C1CC(CC)C(F)C(Br)N1C,C1CC([*:1])C([*:2])C([*:3])N1[*:4],[*:1]CC,[*:2]F,[*:3]Br,[*:4]C,6.532
C1CC(CC)C(F)C(Br)N1CC,C1CC([*:1])C([*:2])C([*:3])N1[*:4],[*:1]CC,[*:2]F,[*:3]Br,[*:4]CC,6.409
C1CC(CC)C(Cl)C(C)N1C,C1CC([*:1])C([*:2])C([*:3])N1[*:4],[*:1]CC,[*:2]Cl,[*:3]C,[*:4]C,6.347
C1CC(CC)C(Cl)C(C)N1CC,C1CC([*:1])C([*:2])C([*:3])N1[*:4],[*:1]CC,[*:2]Cl,[*:3]C,[*:4]CC,6.232
C1CC(CC)C(Cl)C(N)N1C,C1CC([*:1])C([*:2])C([*:3])N1[*:4],[*:1]CC,[*:2]Cl,[*:3]N,[*:4]C,6.311
C1CC(CC)C(Cl)C(O)N1C,C1CC([*:1])C([*:2])C([*:3])N1[*:4],[*:1]CC,[*:2]Cl,[*:3]O,[*:4]C,6.335
C1CC(CC)C(Cl)C(O)N1C(F)(F)F,C1CC([*:1])C([*:2])C([*:3])N1[*:4],[*:1]CC,[*:2]Cl,[*:3]O,[*:4]C(F)(F)F,6.222
C1CC(CC)C(Cl)C(Br)N1C,C1CC([*:1])C([*:2])C([*:3])N1[*:4],[*:1]CC,[*:2]Cl,[*:3]Br,[*:4]C,6.322
C1CC(CC)C(Cl)C(Br)N1CC,C1CC([*:1])C([*:2])C([*:3])N1[*:4],[*:1]CC,[*:2]Cl,[*:3]Br,[*:4]CC,6.273
C1CC(CC)C(Cl)C(Br)N1C(F)(F)F,C1CC([*:1])C([*:2])C([*:3])N1[*:4],[*:1]CC,[*:2]Cl,[*:3]Br,[*:4]C(F)(F)F,6.247
C1CC(CC)C(C)C(C)N1CC,C1CC([*:1])C([*:2])C([*:3])N1[*:4],[*:1]CC,[*:2]C,[*:3]C,[*:4]CC,5.674
C1CC(CC)C(C)C(C)N1C(F)(F)F,C1CC([*:1])C([*:2])C([*:3])N1[*:4],[*:1]CC,[*:2]C,[*:3]C,[*:4]C(F)(F)F,5.524
C1CC(CC)C(C)C(N)N1C,C1CC([*:1])C([*:2])C([*:3])N1[*:4],[*:1]CC,[*:2]C,[*:3]N,[*:4]C,5.733
C1CC(CC)C(C)C(N)N1CC,C1CC([*:1])C([*:2])C([*:3])N1[*:4],[*:1]CC,[*:2]C,[*:3]N,[*:4]CC,5.679
C1CC(CC)C(C)C(N)N1C(F)(F)F,C1CC([*:1])C([*:2])C([*:3])N1[*:4],[*:1]CC,[*:2]C,[*:3]N,[*:4]C(F)(F)F,5.601
C1CC(CC)C(C)C(O)N1C(F)(F)F,C1CC([*:1])C([*:2])C([*:3])N1[*:4],[*:1]CC,[*:2]C,[*:3]O,[*:4]C(F)(F)F,5.510
C1CC(CC)C(C)C(Br)N1C,C1CC([*:1])C([*:2])C([*:3])N1[*:4],[*:1]CC,[*:2]C,[*:3]Br,[*:4]C,5.732
C1CC(CC)C(C)C(Br)N1CC,C1CC([*:1])C([*:2])C([*:3])N1[*:4],[*:1]CC,[*:2]C,[*:3]Br,[*:4]CC,5.530
C1CC(CC)C(C)C(Br)N1C(F)(F)F,C1CC([*:1])C([*:2])C([*:3])N1[*:4],[*:1]CC,[*:2]C,[*:3]Br,[*:4]C(F)(F)F,5.538
C1CC(CC)C(OC)C(C)N1CC,C1CC([*:1])C([*:2])C([*:3])N1[*:4],[*:1]CC,[*:2]OC,[*:3]C,[*:4]CC,5.528
C1CC(CC)C(OC)C(C)N1C(F)(F)F,C1CC([*:1])C([*:2])C([*:3])N1[*:4],[*:1]CC,[*:2]OC,[*:3]C,[*:4]C(F)(F)F,5.295
C1CC(CC)C(OC)C(N)N1C,C1CC([*:1])C([*:2])C([*:3])N1[*:4],[*:1]CC,[*:2]OC,[*:3]N,[*:4]C,5.566
C1CC(CC)C(OC)C(N)N1C(F)(F)F,C1CC([*:1])C([*:2])C([*:3])N1[*:4],[*:1]CC,[*:2]OC,[*:3]N,[*:4]C(F)(F)F,5.341
C1CC(CC)C(OC)C(O)N1C,C1CC([*:1])C([*:2])C([*:3])N1[*:4],[*:1]CC,[*:2]OC,[*:3]O,[*:4]C,5.528
C1CC(CC)C(OC)C(O)N1CC,C1CC([*:1])C([*:2])C([*:3])N1[*:4],[*:1]CC,[*:2]OC,[*:3]O,[*:4]CC,5.477
C1CC(CC)C(OC)C(Br)N1CC,C1CC([*:1])C([*:2])C([*:3])N1[*:4],[*:1]CC,[*:2]OC,[*:3]Br,[*:4]CC,5.425
C1CC(CC)C(OC)C(Br)N1C(F)(F)F,C1CC([*:1])C([*:2])C([*:3])N1[*:4],[*:1]CC,[*:2]OC,[*:3]Br,[*:4]C(F)(F)F,5.474
C1CC(CCC)C(F)C(C)N1C,C1CC([*:1])C([*:2])C([*:3])N1[*:4],[*:1]CCC,[*:2]F,[*:3]C,[*:4]C,6.743
C1CC(CCC)C(F)C(C)N1CC,C1CC([*:1])C([*:2])C([*:3])N1[*:4],[*:1]CCC,[*:2]F,[*:3]C,[*:4]CC,6.544
C1CC(CCC)C(F)C(C)N1C(F)(F)F,C1CC([*:1])C([*:2])C([*:3])N1[*:4],[*:1]CCC,[*:2]F,[*:3]C,[*:4]C(F)(F)F,6.486
C1CC(CCC)C(F)C(N)N1CC,C1CC([*:1])C([*:2])C([*:3])N1[*:4],[*:1]CCC,[*:2]F,[*:3]N,[*:4]CC,6.489
C1CC(CCC)C(F)C(N)N1C(F)(F)F,C1CC([*:1])C([*:2])C([*:3])N1[*:4],[*:1]CCC,[*:2]F,[*:3]N,[*:4]C(F)(F)F,6.425
C1CC(CCC)C(F)C(O)N1CC,C1CC([*:1])C([*:2])C([*:3])N1[*:4],[*:1]CCC,[*:2]F,[*:3]O,[*:4]CC,6.425
C1CC(CCC)C(F)C(O)N1C(F)(F)F,C1CC([*:1])C([*:2])C([*:3])N1[*:4],[*:1]CCC,[*:2]F,[*:3]O,[*:4]C(F)(F)F,6.385
C1CC(CCC)C(F)C(Br)N1CC,C1CC([*:1])C([*:2])C([*:3])N1[*:4],[*:1]CCC,[*:2]F,[*:3]Br,[*:4]CC,6.585
C1CC(CCC)C(F)C(Br)N1C(F)(F)F,C1CC([*:1])C([*:2])C([*:3])N1[*:4],[*:1]CCC,[*:2]F,[*:3]Br,[*:4]C(F)(F)F,6.389
C1CC(CCC)C(Cl)C(C)N1C,C1CC([*:1])C([*:2])C([*:3])N1[*:4],[*:1]CCC,[*:2]Cl,[*:3]C,[*:4]C,6.425
C1CC(CCC)C(Cl)C(C)N1CC,C1CC([*:1])C([*:2])C([*:3])N1[*:4],[*:1]CCC,[*:2]Cl,[*:3]C,[*:4]CC,6.390
C1CC(CCC)C(Cl)C(N)N1C,C1CC([*:1])C([*:2])C([*:3])N1[*:4],[*:1]CCC,[*:2]Cl,[*:3]N,[*:4]C,6.413
C1CC(CCC)C(Cl)C(N)N1CC,C1CC([*:1])C([*:2])C([*:3])N1[*:4],[*:1]CCC,[*:2]Cl,[*:3]N,[*:4]CC,6.354
C1CC(CCC)C(Cl)C(O)N1C,C1CC([*:1])C([*:2])C([*:3])N1[*:4],[*:1]CCC,[*:2]Cl,[*:3]O,[*:4]C,6.426
C1CC(CCC)C(Cl)C(O)N1CC,C1CC([*:1])C([*:2])C([*:3])N1[*:4],[*:1]CCC,[*:2]Cl,[*:3]O,[*:4]CC,6.372
C1CC(CCC)C(Cl)C(O)N1C(F)(F)F,C1CC([*:1])C([*:2])C([*:3])N1[*:4],[*:1]CCC,[*:2]Cl,[*:3]O,[*:4]C(F)(F)F,6.280
C1CC(CCC)C(Cl)C(Br)N1C(F)(F)F,C1CC([*:1])C([*:2])C([*:3])N1[*:4],[*:1]CCC,[*:2]Cl,[*:3]Br,[*:4]C(F)(F)F,6.195
C1CC(CCC)C(C)C(C)N1C,C1CC([*:1])C([*:2])C([*:3])N1[*:4],[*:1]CCC,[*:2]C,[*:3]C,[*:4]C,5.843
C1CC(CCC)C(C)C(C)N1CC,C1CC([*:1])C([*:2])C([*:3])N1[*:4],[*:1]CCC,[*:2]C,[*:3]C,[*:4]CC,5.744
C1CC(CCC)C(C)C(O)N1CC,C1CC([*:1])C([*:2])C([*:3])N1[*:4],[*:1]CCC,[*:2]C,[*:3]O,[*:4]CC,5.754
C1CC(CCC)C(C)C(O)N1C(F)(F)F,C1CC([*:1])C([*:2])C([*:3])N1[*:4],[*:1]CCC,[*:2]C,[*:3]O,[*:4]C(F)(F)F,5.614
C1CC(CCC)C(C)C(Br)N1CC,C1CC([*:1])C([*:2])C([*:3])N1[*:4],[*:1]CCC,[*:2]C,[*:3]Br,[*:4]CC,5.693
C1CC(CCC)C(C)C(Br)N1C(F)(F)F,C1CC([*:1])C([*:2])C([*:3])N1[*:4],[*:1]CCC,[*:2]C,[*:3]Br,[*:4]C(F)(F)F,5.691
C1CC(CCC)C(OC)C(C)N1CC,C1CC([*:1])C([*:2])C([*:3])N1[*:4],[*:1]CCC,[*:2]OC,[*:3]C,[*:4]CC,5.629
C1CC(CCC)C(OC)C(C)N1C(F)(F)F,C1CC([*:1])C([*:2])C([*:3])N1[*:4],[*:1]CCC,[*:2]OC,[*:3]C,[*:4]C(F)(F)F,5.414
C1CC(CCC)C(OC)C(N)N1C,C1CC([*:1])C([*:2])C([*:3])N1[*:4],[*:1]CCC,[*:2]OC,[*:3]N,[*:4]C,5.702
C1CC(CCC)C(OC)C(N)N1CC,C1CC([*:1])C([*:2])C([*:3])N1[*:4],[*:1]CCC,[*:2]OC,[*:3]N,[*:4]CC,5.514
C1CC(CCC)C(OC)C(O)N1C,C1CC([*:1])C([*:2])C([*:3])N1[*:4],[*:1]CCC,[*:2]OC,[*:3]O,[*:4]C,5.681
C1CC(CCC)C(OC)C(O)N1CC,C1CC([*:1])C([*:2])C([*:3])N1[*:4],[*:1]CCC,[*:2]OC,[*:3]O,[*:4]CC,5.584
C1CC(CCC)C(OC)C(Br)N1C,C1CC([*:1])C([*:2])C([*:3])N1[*:4],[*:1]CCC,[*:2]OC,[*:3]Br,[*:4]C,5.642
C1CC(CCC)C(OC)C(Br)N1CC,C1CC([*:1])C([*:2])C([*:3])N1[*:4],[*:1]CCC,[*:2]OC,[*:3]Br,[*:4]CC,5.491
C1CC(OC)C(F)C(C)N1C,C1CC([*:1])C([*:2])C([*:3])N1[*:4],[*:1]OC,[*:2]F,[*:3]C,[*:4]C,6.129
C1CC(OC)C(F)C(C)N1C(F)(F)F,C1CC([*:1])C([*:2])C([*:3])N1[*:4],[*:1]OC,[*:2]F,[*:3]C,[*:4]C(F)(F)F,6.057
C1CC(OC)C(F)C(N)N1C(F)(F)F,C1CC([*:1])C([*:2])C([*:3])N1[*:4],[*:1]OC,[*:2]F,[*:3]N,[*:4]C(F)(F)F,5.971
C1CC(OC)C(F)C(O)N1CC,C1CC([*:1])C([*:2])C([*:3])N1[*:4],[*:1]OC,[*:2]F,[*:3]O,[*:4]CC,6.034
C1CC(OC)C(F)C(Br)N1C,C1CC([*:1])C([*:2])C([*:3])N1[*:4],[*:1]OC,[*:2]F,[*:3]Br,[*:4]C,6.089
C1CC(OC)C(F)C(Br)N1C(F)(F)F,C1CC([*:1])C([*:2])C([*:3])N1[*:4],[*:1]OC,[*:2]F,[*:3]Br,[*:4]C(F)(F)F,5.997
C1CC(OC)C(Cl)C(C)N1C(F)(F)F,C1CC([*:1])C([*:2])C([*:3])N1[*:4],[*:1]OC,[*:2]Cl,[*:3]C,[*:4]C(F)(F)F,5.813
C1CC(OC)C(Cl)C(N)N1C,C1CC([*:1])C([*:2])C([*:3])N1[*:4],[*:1]OC,[*:2]Cl,[*:3]N,[*:4]C,5.995
C1CC(OC)C(Cl)C(N)N1C(F)(F)F,C1CC([*:1])C([*:2])C([*:3])N1[*:4],[*:1]OC,[*:2]Cl,[*:3]N,[*:4]C(F)(F)F,5.823
C1CC(OC)C(Cl)C(O)N1CC,C1CC([*:1])C([*:2])C([*:3])N1[*:4],[*:1]OC,[*:2]Cl,[*:3]O,[*:4]CC,5.904
C1CC(OC)C(Cl)C(O)N1C(F)(F)F,C1CC([*:1])C([*:2])C([*:3])N1[*:4],[*:1]OC,[*:2]Cl,[*:3]O,[*:4]C(F)(F)F,5.779
C1CC(OC)C(Cl)C(Br)N1CC,C1CC([*:1])C([*:2])C([*:3])N1[*:4],[*:1]OC,[*:2]Cl,[*:3]Br,[*:4]CC,5.876
C1CC(OC)C(C)C(C)N1C,C1CC([*:1])C([*:2])C([*:3])N1[*:4],[*:1]OC,[*:2]C,[*:3]C,[*:4]C,5.347
C1CC(OC)C(C)C(C)N1C(F)(F)F,C1CC([*:1])C([*:2])C([*:3])N1[*:4],[*:1]OC,[*:2]C,[*:3]C,[*:4]C(F)(F)F,5.148
C1CC(OC)C(C)C(N)N1CC,C1CC([*:1])C([*:2])C([*:3])N1[*:4],[*:1]OC,[*:2]C,[*:3]N,[*:4]CC,5.232
C1CC(OC)C(C)C(O)N1CC,C1CC([*:1])C([*:2])C([*:3])N1[*:4],[*:1]OC,[*:2]C,[*:3]O,[*:4]CC,5.267
C1CC(OC)C(C)C(O)N1C(F)(F)F,C1CC([*:1])C([*:2])C([*:3])N1[*:4],[*:1]OC,[*:2]C,[*:3]O,[*:4]C(F)(F)F,5.174
C1CC(OC)C(C)C(Br)N1CC,C1CC([*:1])C([*:2])C([*:3])N1[*:4],[*:1]OC,[*:2]C,[*:3]Br,[*:4]CC,5.317
C1CC(OC)C(OC)C(C)N1C(F)(F)F,C1CC([*:1])C([*:2])C([*:3])N1[*:4],[*:1]OC,[*:2]OC,[*:3]C,[*:4]C(F)(F)F,5.013
C1CC(OC)C(OC)C(N)N1C,C1CC([*:1])C([*:2])C([*:3])N1[*:4],[*:1]OC,[*:2]OC,[*:3]N,[*:4]C,5.183
C1CC(OC)C(OC)C(O)N1CC,C1CC([*:1])C([*:2])C([*:3])N1[*:4],[*:1]OC,[*:2]OC,[*:3]O,[*:4]CC,5.185
C1CC(OC)C(OC)C(O)N1C(F)(F)F,C1CC([*:1])C([*:2])C([*:3])N1[*:4],[*:1]OC,[*:2]OC,[*:3]O,[*:4]C(F)(F)F,5.041
C1CC(OC)C(OC)C(Br)N1C(F)(F)F,C1CC([*:1])C([*:2])C([*:3])N1[*:4],[*:1]OC,[*:2]OC,[*:3]Br,[*:4]C(F)(F)F,5.013
C1CC(F)C(F)C(C)N1CC,C1CC([*:1])C([*:2])C([*:3])N1[*:4],[*:1]F,[*:2]F,[*:3]C,[*:4]CC,6.082
C1CC(F)C(F)C(C)N1C(F)(F)F,C1CC([*:1])C([*:2])C([*:3])N1[*:4],[*:1]F,[*:2]F,[*:3]C,[*:4]C(F)(F)F,6.006
C1CC(F)C(F)C(N)N1C,C1CC([*:1])C([*:2])C([*:3])N1[*:4],[*:1]F,[*:2]F,[*:3]N,[*:4]C,6.106
C1CC(F)C(F)C(O)N1CC,C1CC([*:1])C([*:2])C([*:3])N1[*:4],[*:1]F,[*:2]F,[*:3]O,[*:4]CC,6.110
C1CC(F)C(F)C(Br)N1C,C1CC([*:1])C([*:2])C([*:3])N1[*:4],[*:1]F,[*:2]F,[*:3]Br,[*:4]C,6.164
C1CC(F)C(F)C(Br)N1CC,C1CC([*:1])C([*:2])C([*:3])N1[*:4],[*:1]F,[*:2]F,[*:3]Br,[*:4]CC,6.036
C1CC(F)C(F)C(Br)N1C(F)(F)F,C1CC([*:1])C([*:2])C([*:3])N1[*:4],[*:1]F,[*:2]F,[*:3]Br,[*:4]C(F)(F)F,5.975
C1CC(F)C(Cl)C(C)N1C,C1CC([*:1])C([*:2])C([*:3])N1[*:4],[*:1]F,[*:2]Cl,[*:3]C,[*:4]C,6.008
C1CC(F)C(Cl)C(N)N1C(F)(F)F,C1CC([*:1])C([*:2])C([*:3])N1[*:4],[*:1]F,[*:2]Cl,[*:3]N,[*:4]C(F)(F)F,5.746
C1CC(F)C(Cl)C(Br)N1C(F)(F)F,C1CC([*:1])C([*:2])C([*:3])N1[*:4],[*:1]F,[*:2]Cl,[*:3]Br,[*:4]C(F)(F)F,5.643
C1CC(F)C(C)C(C)N1C(F)(F)F,C1CC([*:1])C([*:2])C([*:3])N1[*:4],[*:1]F,[*:2]C,[*:3]C,[*:4]C(F)(F)F,5.182
C1CC(F)C(C)C(N)N1C,C1CC([*:1])C([*:2])C([*:3])N1[*:4],[*:1]F,[*:2]C,[*:3]N,[*:4]C,5.361
C1CC(F)C(C)C(N)N1CC,C1CC([*:1])C([*:2])C([*:3])N1[*:4],[*:1]F,[*:2]C,[*:3]N,[*:4]CC,5.267
C1CC(F)C(C)C(N)N1C(F)(F)F,C1CC([*:1])C([*:2])C([*:3])N1[*:4],[*:1]F,[*:2]C,[*:3]N,[*:4]C(F)(F)F,5.141
C1CC(F)C(C)C(O)N1C,C1CC([*:1])C([*:2])C([*:3])N1[*:4],[*:1]F,[*:2]C,[*:3]O,[*:4]C,5.292
C1CC(F)C(C)C(O)N1CC,C1CC([*:1])C([*:2])C([*:3])N1[*:4],[*:1]F,[*:2]C,[*:3]O,[*:4]CC,5.234
C1CC(F)C(OC)C(C)N1C,C1CC([*:1])C([*:2])C([*:3])N1[*:4],[*:1]F,[*:2]OC,[*:3]C,[*:4]C,5.119
C1CC(F)C(OC)C(C)N1C(F)(F)F,C1CC([*:1])C([*:2])C([*:3])N1[*:4],[*:1]F,[*:2]OC,[*:3]C,[*:4]C(F)(F)F,5.028
C1CC(F)C(OC)C(N)N1C,C1CC([*:1])C([*:2])C([*:3])N1[*:4],[*:1]F,[*:2]OC,[*:3]N,[*:4]C,5.100
C1CC(F)C(OC)C(N)N1CC,C1CC([*:1])C([*:2])C([*:3])N1[*:4],[*:1]F,[*:2]OC,[*:3]N,[*:4]CC,5.074
C1CC(F)C(OC)C(N)N1C(F)(F)F,C1CC([*:1])C([*:2])C([*:3])N1[*:4],[*:1]F,[*:2]OC,[*:3]N,[*:4]C(F)(F)F,4.933
C1CC(F)C(OC)C(O)N1C,C1CC([*:1])C([*:2])C([*:3])N1[*:4],[*:1]F,[*:2]OC,[*:3]O,[*:4]C,5.202
C1CC(F)C(OC)C(Br)N1C,C1CC([*:1])C([*:2])C([*:3])N1[*:4],[*:1]F,[*:2]OC,[*:3]Br,[*:4]C,5.119
C1CC(F)C(OC)C(Br)N1C(F)(F)F,C1CC([*:1])C([*:2])C([*:3])N1[*:4],[*:1]F,[*:2]OC,[*:3]Br,[*:4]C(F)(F)F,4.971
