smiles,Compound,pIC50,Scaffold,A,B
O=C(Nc1ccc(F)cc1)c1ccc2[nH]c(C(F)(F)F)nc2c1,CPD-001,,benzimidazole,4-F-phenyl,CF3
O=C(Nc1ccc(F)cc1)c1ccc2[nH]c(C#N)nc2c1,CPD-002,8.73,benzimidazole,4-F-phenyl,CN
O=C(Nc1ccc(F)cc1)c1ccc2[nH]c(Cl)nc2c1,CPD-003,8.34,benzimidazole,4-F-phenyl,Cl
O=C(Nc1ccc(F)cc1)c1ccc2[nH]c(C)nc2c1,CPD-004,8.11,benzimidazole,4-F-phenyl,Me
O=C(Nc1ccc(F)cc1)c1ccc2[nH]c(F)nc2c1,CPD-005,8.10,benzimidazole,4-F-phenyl,F
O=C(Nc1ccc(F)cc1)c1ccc2[nH]c(CC)nc2c1,CPD-006,7.57,benzimidazole,4-F-phenyl,Et
O=C(Nc1ccc(F)cc1)c1ccc2[nH]c(OC)nc2c1,CPD-007,7.26,benzimidazole,4-F-phenyl,OMe
O=C(Nc1ccc(F)cc1)c1ccc2[nH]c(C(C)C)nc2c1,CPD-008,6.95,benzimidazole,4-F-phenyl,iPr
O=C(Nc1ccccc1)c1ccc2[nH]c(C(F)(F)F)nc2c1,CPD-009,,benzimidazole,phenyl,CF3
O=C(Nc1ccccc1)c1ccc2[nH]c(C#N)nc2c1,CPD-010,8.36,benzimidazole,phenyl,CN
O=C(Nc1ccccc1)c1ccc2[nH]c(Cl)nc2c1,CPD-011,8.03,benzimidazole,phenyl,Cl
O=C(Nc1ccccc1)c1ccc2[nH]c(C)nc2c1,CPD-012,7.63,benzimidazole,phenyl,Me
O=C(Nc1ccccc1)c1ccc2[nH]c(F)nc2c1,CPD-013,7.69,benzimidazole,phenyl,F
O=C(Nc1ccccc1)c1ccc2[nH]c(CC)nc2c1,CPD-014,7.31,benzimidazole,phenyl,Et
O=C(Nc1ccccc1)c1ccc2[nH]c(OC)nc2c1,CPD-015,6.97,benzimidazole,phenyl,OMe
O=C(Nc1ccccc1)c1ccc2[nH]c(C(C)C)nc2c1,CPD-016,6.62,benzimidazole,phenyl,iPr
O=C(NC1CCCCC1)c1ccc2[nH]c(C(F)(F)F)nc2c1,CPD-017,,benzimidazole,cyclohexyl,CF3
O=C(NC1CCCCC1)c1ccc2[nH]c(C#N)nc2c1,CPD-018,7.96,benzimidazole,cyclohexyl,CN
O=C(NC1CCCCC1)c1ccc2[nH]c(Cl)nc2c1,CPD-019,7.55,benzimidazole,cyclohexyl,Cl
O=C(NC1CCCCC1)c1ccc2[nH]c(C)nc2c1,CPD-020,7.40,benzimidazole,cyclohexyl,Me
O=C(NC1CCCCC1)c1ccc2[nH]c(F)nc2c1,CPD-021,7.12,benzimidazole,cyclohexyl,F
O=C(NC1CCCCC1)c1ccc2[nH]c(CC)nc2c1,CPD-022,6.82,benzimidazole,cyclohexyl,Et
O=C(NC1CCCCC1)c1ccc2[nH]c(OC)nc2c1,CPD-023,6.66,benzimidazole,cyclohexyl,OMe
O=C(NC1CCCCC1)c1ccc2[nH]c(C(C)C)nc2c1,CPD-024,6.49,benzimidazole,cyclohexyl,iPr
O=C(NCC(C)C)c1ccc2[nH]c(C(F)(F)F)nc2c1,CPD-025,8.07,benzimidazole,isobutyl,CF3
O=C(NCC(C)C)c1ccc2[nH]c(C#N)nc2c1,CPD-026,,benzimidazole,isobutyl,CN
O=C(NCC(C)C)c1ccc2[nH]c(Cl)nc2c1,CPD-027,7.07,benzimidazole,isobutyl,Cl
O=C(NCC(C)C)c1ccc2[nH]c(C)nc2c1,CPD-028,7.00,benzimidazole,isobutyl,Me
O=C(NCC(C)C)c1ccc2[nH]c(F)nc2c1,CPD-029,6.80,benzimidazole,isobutyl,F
O=C(NCC(C)C)c1ccc2[nH]c(CC)nc2c1,CPD-030,6.47,benzimidazole,isobutyl,Et
O=C(NCC(C)C)c1ccc2[nH]c(OC)nc2c1,CPD-031,6.24,benzimidazole,isobutyl,OMe
O=C(NCC(C)C)c1ccc2[nH]c(C(C)C)nc2c1,CPD-032,5.87,benzimidazole,isobutyl,iPr
O=C(Nc1ccc(F)cc1)c1ccc2nc(C(F)(F)F)ncc2c1,CPD-033,,quinazoline,4-F-phenyl,CF3
O=C(Nc1ccc(F)cc1)c1ccc2nc(C#N)ncc2c1,CPD-034,8.07,quinazoline,4-F-phenyl,CN
O=C(Nc1ccc(F)cc1)c1ccc2nc(Cl)ncc2c1,CPD-035,7.83,quinazoline,4-F-phenyl,Cl
O=C(Nc1ccc(F)cc1)c1ccc2nc(C)ncc2c1,CPD-036,7.55,quinazoline,4-F-phenyl,Me
O=C(Nc1ccc(F)cc1)c1ccc2nc(F)ncc2c1,CPD-037,7.42,quinazoline,4-F-phenyl,F
O=C(Nc1ccc(F)cc1)c1ccc2nc(CC)ncc2c1,CPD-038,7.04,quinazoline,4-F-phenyl,Et
O=C(Nc1ccc(F)cc1)c1ccc2nc(OC)ncc2c1,CPD-039,6.64,quinazoline,4-F-phenyl,OMe
O=C(Nc1ccc(F)cc1)c1ccc2nc(C(C)C)ncc2c1,CPD-040,6.54,quinazoline,4-F-phenyl,iPr
O=C(Nc1ccccc1)c1ccc2nc(C(F)(F)F)ncc2c1,CPD-041,8.16,quinazoline,phenyl,CF3
O=C(Nc1ccccc1)c1ccc2nc(C#N)ncc2c1,CPD-042,7.88,quinazoline,phenyl,CN
O=C(Nc1ccccc1)c1ccc2nc(Cl)ncc2c1,CPD-043,7.63,quinazoline,phenyl,Cl
O=C(Nc1ccccc1)c1ccc2nc(C)ncc2c1,CPD-044,7.28,quinazoline,phenyl,Me
O=C(Nc1ccccc1)c1ccc2nc(F)ncc2c1,CPD-045,6.95,quinazoline,phenyl,F
O=C(Nc1ccccc1)c1ccc2nc(CC)ncc2c1,CPD-046,6.76,quinazoline,phenyl,Et
O=C(Nc1ccccc1)c1ccc2nc(OC)ncc2c1,CPD-047,6.54,quinazoline,phenyl,OMe
O=C(Nc1ccccc1)c1ccc2nc(C(C)C)ncc2c1,CPD-048,6.12,quinazoline,phenyl,iPr
O=C(NC1CCCCC1)c1ccc2nc(C(F)(F)F)ncc2c1,CPD-049,7.92,quinazoline,cyclohexyl,CF3
O=C(NC1CCCCC1)c1ccc2nc(C#N)ncc2c1,CPD-050,7.46,quinazoline,cyclohexyl,CN
O=C(NC1CCCCC1)c1ccc2nc(Cl)ncc2c1,CPD-051,,quinazoline,cyclohexyl,Cl
O=C(NC1CCCCC1)c1ccc2nc(C)ncc2c1,CPD-052,6.83,quinazoline,cyclohexyl,Me
O=C(NC1CCCCC1)c1ccc2nc(F)ncc2c1,CPD-053,6.51,quinazoline,cyclohexyl,F
O=C(NC1CCCCC1)c1ccc2nc(CC)ncc2c1,CPD-054,6.26,quinazoline,cyclohexyl,Et
O=C(NC1CCCCC1)c1ccc2nc(OC)ncc2c1,CPD-055,5.88,quinazoline,cyclohexyl,OMe
O=C(NC1CCCCC1)c1ccc2nc(C(C)C)ncc2c1,CPD-056,5.77,quinazoline,cyclohexyl,iPr
O=C(NCC(C)C)c1ccc2nc(C(F)(F)F)ncc2c1,CPD-057,,quinazoline,isobutyl,CF3
O=C(NCC(C)C)c1ccc2nc(C#N)ncc2c1,CPD-058,6.89,quinazoline,isobutyl,CN
O=C(NCC(C)C)c1ccc2nc(Cl)ncc2c1,CPD-059,6.53,quinazoline,isobutyl,Cl
O=C(NCC(C)C)c1ccc2nc(C)ncc2c1,CPD-060,6.46,quinazoline,isobutyl,Me
O=C(NCC(C)C)c1ccc2nc(F)ncc2c1,CPD-061,6.29,quinazoline,isobutyl,F
O=C(NCC(C)C)c1ccc2nc(CC)ncc2c1,CPD-062,5.99,quinazoline,isobutyl,Et
O=C(NCC(C)C)c1ccc2nc(OC)ncc2c1,CPD-063,5.65,quinazoline,isobutyl,OMe
O=C(NCC(C)C)c1ccc2nc(C(C)C)ncc2c1,CPD-064,5.37,quinazoline,isobutyl,iPr
O=C(Nc1ccc(F)cc1)c1ccc2sc(C(F)(F)F)nc2c1,CPD-065,8.26,benzothiazole,4-F-phenyl,CF3
O=C(Nc1ccc(F)cc1)c1ccc2sc(C#N)nc2c1,CPD-066,7.89,benzothiazole,4-F-phenyl,CN
O=C(Nc1ccc(F)cc1)c1ccc2sc(Cl)nc2c1,CPD-067,7.54,benzothiazole,4-F-phenyl,Cl
O=C(Nc1ccc(F)cc1)c1ccc2sc(C)nc2c1,CPD-068,7.25,benzothiazole,4-F-phenyl,Me
O=C(Nc1ccc(F)cc1)c1ccc2sc(F)nc2c1,CPD-069,6.97,benzothiazole,4-F-phenyl,F
O=C(Nc1ccc(F)cc1)c1ccc2sc(CC)nc2c1,CPD-070,6.72,benzothiazole,4-F-phenyl,Et
O=C(Nc1ccc(F)cc1)c1ccc2sc(OC)nc2c1,CPD-071,6.47,benzothiazole,4-F-phenyl,OMe
O=C(Nc1ccc(F)cc1)c1ccc2sc(C(C)C)nc2c1,CPD-072,6.05,benzothiazole,4-F-phenyl,iPr
O=C(Nc1ccccc1)c1ccc2sc(C(F)(F)F)nc2c1,CPD-073,7.65,benzothiazole,phenyl,CF3
O=C(Nc1ccccc1)c1ccc2sc(C#N)nc2c1,CPD-074,7.29,benzothiazole,phenyl,CN
O=C(Nc1ccccc1)c1ccc2sc(Cl)nc2c1,CPD-075,7.04,benzothiazole,phenyl,Cl
O=C(Nc1ccccc1)c1ccc2sc(C)nc2c1,CPD-076,6.79,benzothiazole,phenyl,Me
O=C(Nc1ccccc1)c1ccc2sc(F)nc2c1,CPD-077,6.57,benzothiazole,phenyl,F
O=C(Nc1ccccc1)c1ccc2sc(CC)nc2c1,CPD-078,,benzothiazole,phenyl,Et
O=C(Nc1ccccc1)c1ccc2sc(OC)nc2c1,CPD-079,6.10,benzothiazole,phenyl,OMe
O=C(Nc1ccccc1)c1ccc2sc(C(C)C)nc2c1,CPD-080,5.55,benzothiazole,phenyl,iPr
O=C(NC1CCCCC1)c1ccc2sc(C(F)(F)F)nc2c1,CPD-081,7.63,benzothiazole,cyclohexyl,CF3
O=C(NC1CCCCC1)c1ccc2sc(C#N)nc2c1,CPD-082,7.01,benzothiazole,cyclohexyl,CN
O=C(NC1CCCCC1)c1ccc2sc(Cl)nc2c1,CPD-083,6.70,benzothiazole,cyclohexyl,Cl
O=C(NC1CCCCC1)c1ccc2sc(C)nc2c1,CPD-084,6.54,benzothiazole,cyclohexyl,Me
O=C(NC1CCCCC1)c1ccc2sc(F)nc2c1,CPD-085,6.30,benzothiazole,cyclohexyl,F
O=C(NC1CCCCC1)c1ccc2sc(CC)nc2c1,CPD-086,5.82,benzothiazole,cyclohexyl,Et
O=C(NC1CCCCC1)c1ccc2sc(OC)nc2c1,CPD-087,5.78,benzothiazole,cyclohexyl,OMe
O=C(NC1CCCCC1)c1ccc2sc(C(C)C)nc2c1,CPD-088,5.24,benzothiazole,cyclohexyl,iPr
O=C(NCC(C)C)c1ccc2sc(C(F)(F)F)nc2c1,CPD-089,7.30,benzothiazole,isobutyl,CF3
O=C(NCC(C)C)c1ccc2sc(C#N)nc2c1,CPD-090,6.56,benzothiazole,isobutyl,CN
O=C(NCC(C)C)c1ccc2sc(Cl)nc2c1,CPD-091,6.32,benzothiazole,isobutyl,Cl
O=C(NCC(C)C)c1ccc2sc(C)nc2c1,CPD-092,,benzothiazole,isobutyl,Me
O=C(NCC(C)C)c1ccc2sc(F)nc2c1,CPD-093,5.83,benzothiazole,isobutyl,F
O=C(NCC(C)C)c1ccc2sc(CC)nc2c1,CPD-094,5.82,benzothiazole,isobutyl,Et
O=C(NCC(C)C)c1ccc2sc(OC)nc2c1,CPD-095,5.36,benzothiazole,isobutyl,OMe
O=C(NCC(C)C)c1ccc2sc(C(C)C)nc2c1,CPD-096,4.99,benzothiazole,isobutyl,iPr
O=C(Nc1ccc(F)cc1)c1ccc2oc(C(F)(F)F)nc2c1,CPD-097,8.09,benzoxazole,4-F-phenyl,CF3
O=C(Nc1ccc(F)cc1)c1ccc2oc(C#N)nc2c1,CPD-098,7.41,benzoxazole,4-F-phenyl,CN
O=C(Nc1ccc(F)cc1)c1ccc2oc(Cl)nc2c1,CPD-099,7.04,benzoxazole,4-F-phenyl,Cl
O=C(Nc1ccc(F)cc1)c1ccc2oc(C)nc2c1,CPD-100,6.87,benzoxazole,4-F-phenyl,Me
O=C(Nc1ccc(F)cc1)c1ccc2oc(F)nc2c1,CPD-101,6.61,benzoxazole,4-F-phenyl,F
O=C(Nc1ccc(F)cc1)c1ccc2oc(CC)nc2c1,CPD-102,6.43,benzoxazole,4-F-phenyl,Et
O=C(Nc1ccc(F)cc1)c1ccc2oc(OC)nc2c1,CPD-103,6.19,benzoxazole,4-F-phenyl,OMe
O=C(Nc1ccc(F)cc1)c1ccc2oc(C(C)C)nc2c1,CPD-104,,benzoxazole,4-F-phenyl,iPr
O=C(Nc1ccccc1)c1ccc2oc(C(F)(F)F)nc2c1,CPD-105,7.70,benzoxazole,phenyl,CF3
O=C(Nc1ccccc1)c1ccc2oc(C#N)nc2c1,CPD-106,7.02,benzoxazole,phenyl,CN
O=C(Nc1ccccc1)c1ccc2oc(Cl)nc2c1,CPD-107,6.64,benzoxazole,phenyl,Cl
O=C(Nc1ccccc1)c1ccc2oc(C)nc2c1,CPD-108,6.52,benzoxazole,phenyl,Me
O=C(Nc1ccccc1)c1ccc2oc(F)nc2c1,CPD-109,6.14,benzoxazole,phenyl,F
O=C(Nc1ccccc1)c1ccc2oc(CC)nc2c1,CPD-110,6.09,benzoxazole,phenyl,Et
O=C(Nc1ccccc1)c1ccc2oc(OC)nc2c1,CPD-111,5.65,benzoxazole,phenyl,OMe
O=C(Nc1ccccc1)c1ccc2oc(C(C)C)nc2c1,CPD-112,5.52,benzoxazole,phenyl,iPr
O=C(NC1CCCCC1)c1ccc2oc(C(F)(F)F)nc2c1,CPD-113,7.16,benzoxazole,cyclohexyl,CF3
O=C(NC1CCCCC1)c1ccc2oc(C#N)nc2c1,CPD-114,,benzoxazole,cyclohexyl,CN
O=C(NC1CCCCC1)c1ccc2oc(Cl)nc2c1,CPD-115,6.42,benzoxazole,cyclohexyl,Cl
O=C(NC1CCCCC1)c1ccc2oc(C)nc2c1,CPD-116,6.10,benzoxazole,cyclohexyl,Me
O=C(NC1CCCCC1)c1ccc2oc(F)nc2c1,CPD-117,5.88,benzoxazole,cyclohexyl,F
O=C(NC1CCCCC1)c1ccc2oc(CC)nc2c1,CPD-118,5.69,benzoxazole,cyclohexyl,Et
O=C(NC1CCCCC1)c1ccc2oc(OC)nc2c1,CPD-119,5.25,benzoxazole,cyclohexyl,OMe
O=C(NC1CCCCC1)c1ccc2oc(C(C)C)nc2c1,CPD-120,5.11,benzoxazole,cyclohexyl,iPr
O=C(NCC(C)C)c1ccc2oc(C(F)(F)F)nc2c1,CPD-121,6.91,benzoxazole,isobutyl,CF3
O=C(NCC(C)C)c1ccc2oc(C#N)nc2c1,CPD-122,6.20,benzoxazole,isobutyl,CN
O=C(NCC(C)C)c1ccc2oc(Cl)nc2c1,CPD-123,5.97,benzoxazole,isobutyl,Cl
O=C(NCC(C)C)c1ccc2oc(C)nc2c1,CPD-124,5.90,benzoxazole,isobutyl,Me
O=C(NCC(C)C)c1ccc2oc(F)nc2c1,CPD-125,5.51,benzoxazole,isobutyl,F
O=C(NCC(C)C)c1ccc2oc(CC)nc2c1,CPD-126,5.37,benzoxazole,isobutyl,Et
O=C(NCC(C)C)c1ccc2oc(OC)nc2c1,CPD-127,5.02,benzoxazole,isobutyl,OMe
O=C(NCC(C)C)c1ccc2oc(C(C)C)nc2c1,CPD-128,4.68,benzoxazole,isobutyl,iPr
O=C(Nc1ccc(F)cc1)c1ccc2nc(C(F)(F)F)ccc2c1,CPD-129,7.66,quinoline,4-F-phenyl,CF3
O=C(Nc1ccc(F)cc1)c1ccc2nc(C#N)ccc2c1,CPD-130,7.12,quinoline,4-F-phenyl,CN
O=C(Nc1ccc(F)cc1)c1ccc2nc(Cl)ccc2c1,CPD-131,6.88,quinoline,4-F-phenyl,Cl
O=C(Nc1ccc(F)cc1)c1ccc2nc(C)ccc2c1,CPD-132,6.37,quinoline,4-F-phenyl,Me
O=C(Nc1ccc(F)cc1)c1ccc2nc(F)ccc2c1,CPD-133,6.19,quinoline,4-F-phenyl,F
O=C(Nc1ccc(F)cc1)c1ccc2nc(CC)ccc2c1,CPD-134,5.71,quinoline,4-F-phenyl,Et
O=C(Nc1ccc(F)cc1)c1ccc2nc(OC)ccc2c1,CPD-135,5.50,quinoline,4-F-phenyl,OMe
O=C(Nc1ccc(F)cc1)c1ccc2nc(C(C)C)ccc2c1,CPD-136,5.27,quinoline,4-F-phenyl,iPr
O=C(Nc1ccccc1)c1ccc2nc(C(F)(F)F)ccc2c1,CPD-137,7.09,quinoline,phenyl,CF3
O=C(Nc1ccccc1)c1ccc2nc(C#N)ccc2c1,CPD-138,6.71,quinoline,phenyl,CN
O=C(Nc1ccccc1)c1ccc2nc(Cl)ccc2c1,CPD-139,6.35,quinoline,phenyl,Cl
O=C(Nc1ccccc1)c1ccc2nc(C)ccc2c1,CPD-140,6.19,quinoline,phenyl,Me
O=C(Nc1ccccc1)c1ccc2nc(F)ccc2c1,CPD-141,,quinoline,phenyl,F
O=C(Nc1ccccc1)c1ccc2nc(CC)ccc2c1,CPD-142,5.51,quinoline,phenyl,Et
O=C(Nc1ccccc1)c1ccc2nc(OC)ccc2c1,CPD-143,5.32,quinoline,phenyl,OMe
O=C(Nc1ccccc1)c1ccc2nc(C(C)C)ccc2c1,CPD-144,4.99,quinoline,phenyl,iPr
O=C(NC1CCCCC1)c1ccc2nc(C(F)(F)F)ccc2c1,CPD-145,6.81,quinoline,cyclohexyl,CF3
O=C(NC1CCCCC1)c1ccc2nc(C#N)ccc2c1,CPD-146,6.14,quinoline,cyclohexyl,CN
O=C(NC1CCCCC1)c1ccc2nc(Cl)ccc2c1,CPD-147,5.87,quinoline,cyclohexyl,Cl
O=C(NC1CCCCC1)c1ccc2nc(C)ccc2c1,CPD-148,5.55,quinoline,cyclohexyl,Me
O=C(NC1CCCCC1)c1ccc2nc(F)ccc2c1,CPD-149,5.48,quinoline,cyclohexyl,F
O=C(NC1CCCCC1)c1ccc2nc(CC)ccc2c1,CPD-150,5.32,quinoline,cyclohexyl,Et
O=C(NC1CCCCC1)c1ccc2nc(OC)ccc2c1,CPD-151,4.95,quinoline,cyclohexyl,OMe
O=C(NC1CCCCC1)c1ccc2nc(C(C)C)ccc2c1,CPD-152,4.56,quinoline,cyclohexyl,iPr
O=C(NCC(C)C)c1ccc2nc(C(F)(F)F)ccc2c1,CPD-153,6.51,quinoline,isobutyl,CF3
O=C(NCC(C)C)c1ccc2nc(C#N)ccc2c1,CPD-154,5.87,quinoline,isobutyl,CN
O=C(NCC(C)C)c1ccc2nc(Cl)ccc2c1,CPD-155,5.57,quinoline,isobutyl,Cl
O=C(NCC(C)C)c1ccc2nc(C)ccc2c1,CPD-156,5.30,quinoline,isobutyl,Me
O=C(NCC(C)C)c1ccc2nc(F)ccc2c1,CPD-157,5.00,quinoline,isobutyl,F
O=C(NCC(C)C)c1ccc2nc(CC)ccc2c1,CPD-158,4.91,quinoline,isobutyl,Et
O=C(NCC(C)C)c1ccc2nc(OC)ccc2c1,CPD-159,,quinoline,isobutyl,OMe
O=C(NCC(C)C)c1ccc2nc(C(C)C)ccc2c1,CPD-160,4.21,quinoline,isobutyl,iPr
O=C(Nc1ccc(F)cc1)c1ccc(-c2ccc(C(F)(F)F)cc2)cc1,CPD-161,7.04,biphenyl,4-F-phenyl,CF3
O=C(Nc1ccc(F)cc1)c1ccc(-c2ccc(C#N)cc2)cc1,CPD-162,6.58,biphenyl,4-F-phenyl,CN
O=C(Nc1ccc(F)cc1)c1ccc(-c2ccc(Cl)cc2)cc1,CPD-163,,biphenyl,4-F-phenyl,Cl
O=C(Nc1ccc(F)cc1)c1ccc(-c2ccc(C)cc2)cc1,CPD-164,5.97,biphenyl,4-F-phenyl,Me
O=C(Nc1ccc(F)cc1)c1ccc(-c2ccc(F)cc2)cc1,CPD-165,5.81,biphenyl,4-F-phenyl,F
O=C(Nc1ccc(F)cc1)c1ccc(-c2ccc(CC)cc2)cc1,CPD-166,5.58,biphenyl,4-F-phenyl,Et
O=C(Nc1ccc(F)cc1)c1ccc(-c2ccc(OC)cc2)cc1,CPD-167,5.35,biphenyl,4-F-phenyl,OMe
O=C(Nc1ccc(F)cc1)c1ccc(-c2ccc(C(C)C)cc2)cc1,CPD-168,4.95,biphenyl,4-F-phenyl,iPr
O=C(Nc1ccccc1)c1ccc(-c2ccc(C(F)(F)F)cc2)cc1,CPD-169,6.64,biphenyl,phenyl,CF3
O=C(Nc1ccccc1)c1ccc(-c2ccc(C#N)cc2)cc1,CPD-170,6.18,biphenyl,phenyl,CN
O=C(Nc1ccccc1)c1ccc(-c2ccc(Cl)cc2)cc1,CPD-171,5.80,biphenyl,phenyl,Cl
O=C(Nc1ccccc1)c1ccc(-c2ccc(C)cc2)cc1,CPD-172,5.59,biphenyl,phenyl,Me
O=C(Nc1ccccc1)c1ccc(-c2ccc(F)cc2)cc1,CPD-173,5.43,biphenyl,phenyl,F
O=C(Nc1ccccc1)c1ccc(-c2ccc(CC)cc2)cc1,CPD-174,5.19,biphenyl,phenyl,Et
O=C(Nc1ccccc1)c1ccc(-c2ccc(OC)cc2)cc1,CPD-175,4.85,biphenyl,phenyl,OMe
O=C(Nc1ccccc1)c1ccc(-c2ccc(C(C)C)cc2)cc1,CPD-176,4.51,biphenyl,phenyl,iPr
O=C(NC1CCCCC1)c1ccc(-c2ccc(C(F)(F)F)cc2)cc1,CPD-177,6.38,biphenyl,cyclohexyl,CF3
O=C(NC1CCCCC1)c1ccc(-c2ccc(C#N)cc2)cc1,CPD-178,5.94,biphenyl,cyclohexyl,CN
O=C(NC1CCCCC1)c1ccc(-c2ccc(Cl)cc2)cc1,CPD-179,5.45,biphenyl,cyclohexyl,Cl
O=C(NC1CCCCC1)c1ccc(-c2ccc(C)cc2)cc1,CPD-180,5.18,biphenyl,cyclohexyl,Me
O=C(NC1CCCCC1)c1ccc(-c2ccc(F)cc2)cc1,CPD-181,5.08,biphenyl,cyclohexyl,F
O=C(NC1CCCCC1)c1ccc(-c2ccc(CC)cc2)cc1,CPD-182,,biphenyl,cyclohexyl,Et
O=C(NC1CCCCC1)c1ccc(-c2ccc(OC)cc2)cc1,CPD-183,4.72,biphenyl,cyclohexyl,OMe
O=C(NC1CCCCC1)c1ccc(-c2ccc(C(C)C)cc2)cc1,CPD-184,4.13,biphenyl,cyclohexyl,iPr
O=C(NCC(C)C)c1ccc(-c2ccc(C(F)(F)F)cc2)cc1,CPD-185,6.07,biphenyl,isobutyl,CF3
O=C(NCC(C)C)c1ccc(-c2ccc(C#N)cc2)cc1,CPD-186,5.44,biphenyl,isobutyl,CN
O=C(NCC(C)C)c1ccc(-c2ccc(Cl)cc2)cc1,CPD-187,5.19,biphenyl,isobutyl,Cl
O=C(NCC(C)C)c1ccc(-c2ccc(C)cc2)cc1,CPD-188,4.90,biphenyl,isobutyl,Me
O=C(NCC(C)C)c1ccc(-c2ccc(F)cc2)cc1,CPD-189,4.65,biphenyl,isobutyl,F
O=C(NCC(C)C)c1ccc(-c2ccc(CC)cc2)cc1,CPD-190,4.44,biphenyl,isobutyl,Et
O=C(NCC(C)C)c1ccc(-c2ccc(OC)cc2)cc1,CPD-191,4.25,biphenyl,isobutyl,OMe
O=C(NCC(C)C)c1ccc(-c2ccc(C(C)C)cc2)cc1,CPD-192,3.72,biphenyl,isobutyl,iPr
