{"#type":"CsvImportOptions","id":"7cdf87a0-e920-11ef-d609-fb6c81fb3a8a","tags":{"import-time":"2025-03-24 19:24:40.985","source.file":"mol1K_chemical_space_demo.csv",".orig.table.name":"mol1K_chemical_space_demo",".id":"7cdf87a0-e920-11ef-d609-fb6c81fb3a8a"},"columnImportOptions":[{"name":"molecule","type":"string","semType":"Molecule","id":"c3bc1800-e920-11ef-c6dc-35fdd0110277","friendlyName":"Molecule","entityTags":[{"tag":"units","id":"d69d0290-e920-11ef-c7c8-35c3b8d7d79c"},{"tag":"quality","id":"d69d0290-e920-11ef-9b00-5bebba2bac74"},{"tag":".semantic-detection-duration","id":"d69d0290-e920-11ef-dfbe-07d60d635822"},{"tag":"cell.renderer","id":"d69d29a0-e920-11ef-9cb0-bb4037ffecd4"},{"tag":".id","id":"d69d29a0-e920-11ef-d1b6-6bf7238958e0"}],"metaParams":{"units":"molblock","quality":"Molecule",".semantic-detection-duration":"1","cell.renderer":"Molecule",".id":"c3bc1800-e920-11ef-c6dc-35fdd0110277"}},{"name":"prID","type":"int","id":"c3bc6620-e920-11ef-d904-a5e42c22bbd0","friendlyName":"Pr ID","entityTags":[{"tag":".semantic-detection-duration","id":"d69d29a0-e920-11ef-b63a-1561c98c9123"},{"tag":".id","id":"d69d29a0-e920-11ef-b52d-effc75e24232"}],"metaParams":{".semantic-detection-duration":"8",".id":"c3bc6620-e920-11ef-d904-a5e42c22bbd0"}},{"name":"IDDB","type":"int","id":"c3bcb440-e920-11ef-df95-8dffbe52aa5b","friendlyName":"IDDB","entityTags":[{"tag":".semantic-detection-duration","id":"d69d50b0-e920-11ef-98f8-af1e48793221"},{"tag":".id","id":"d69d50b0-e920-11ef-da63-4f949ae0595d"}],"metaParams":{".semantic-detection-duration":"7",".id":"c3bcb440-e920-11ef-df95-8dffbe52aa5b"}},{"name":"pIC50_HIV_Integrase","type":"double","id":"c3bd2970-e920-11ef-bb0e-339c59fc70fe","friendlyName":"P I C50_ HI V_ Integrase","entityTags":[{"tag":"format","id":"d69d50b0-e920-11ef-f1ef-a528269a456d"},{"tag":".source-precision","id":"d69d9ed0-e920-11ef-b519-0bd7228ad70d"},{"tag":".semantic-detection-duration","id":"d69dc5e0-e920-11ef-c7a5-7171c618f218"},{"tag":".id","id":"d69dc5e0-e920-11ef-9da9-0fa50590c20e"}],"metaParams":{"format":"0.0000000",".source-precision":"7",".semantic-detection-duration":"7",".id":"c3bd2970-e920-11ef-bb0e-339c59fc70fe"}},{"name":"Q","type":"double","id":"c3bd9ea0-e920-11ef-a02c-892a10c6abd2","friendlyName":"Q","entityTags":[{"tag":"format","id":"d69dc5e0-e920-11ef-81f8-057d55db2af6"},{"tag":".source-precision","id":"d69decf0-e920-11ef-ecda-796c0970f8fd"},{"tag":".semantic-detection-duration","id":"d69decf0-e920-11ef-eec8-dff0dd338fee"},{"tag":".id","id":"d69decf0-e920-11ef-fec6-5f4d70414c90"}],"metaParams":{"format":"0.0000000",".source-precision":"7",".semantic-detection-duration":"6",".id":"c3bd9ea0-e920-11ef-a02c-892a10c6abd2"}},{"name":"Activity_Integrase","type":"string","id":"c3bdecc0-e920-11ef-c4e2-1fdf5421971c","friendlyName":"Activity_ Integrase","entityTags":[{"tag":".semantic-detection-duration","id":"d69decf0-e920-11ef-f20c-ff9b27b5dd76"},{"tag":".id","id":"d69e1400-e920-11ef-acc9-a31ccb5aacfc"}],"metaParams":{".semantic-detection-duration":"17",".id":"c3bdecc0-e920-11ef-c4e2-1fdf5421971c"}},{"name":"Embed_X_1","type":"double","id":"c3be3ae0-e920-11ef-b902-311697960df9","friendlyName":"Embed_ X_1","entityTags":[{"tag":".semantic-detection-duration","id":"d69e1400-e920-11ef-fc44-bf35d1ec5391"},{"tag":".id","id":"d69e3b10-e920-11ef-fd35-b971dde08771"}],"metaParams":{".semantic-detection-duration":"0",".id":"c3be3ae0-e920-11ef-b902-311697960df9"}},{"name":"Embed_Y_1","type":"double","id":"c3be61f0-e920-11ef-caa6-29e4a135fe5b","friendlyName":"Embed_ Y_1","entityTags":[{"tag":".semantic-detection-duration","id":"d69e6220-e920-11ef-99b4-7553ec8c580c"},{"tag":".id","id":"d69e6220-e920-11ef-8e79-59a83c5b2050"}],"metaParams":{".semantic-detection-duration":"0",".id":"c3be61f0-e920-11ef-caa6-29e4a135fe5b"}},{"name":"~molecule.Morgan","type":"byte_array","id":"c3bed720-e920-11ef-f55d-fbfa5d07a825","friendlyName":"~molecule. Morgan","entityTags":[{"tag":".includeInCsvExport","id":"d69e6220-e920-11ef-8caa-23dea619557c"},{"tag":".includeInBinaryExport","id":"d69e8930-e920-11ef-d459-cdd75b552aad"},{"tag":".semantic-detection-duration","id":"d69e8930-e920-11ef-da80-5b2e77e94ec8"},{"tag":".id","id":"d69e8930-e920-11ef-e4d7-77c9e77cea8b"}],"metaParams":{".includeInCsvExport":"false",".includeInBinaryExport":"false",".semantic-detection-duration":"0",".id":"c3bed720-e920-11ef-f55d-fbfa5d07a825"}},{"name":"Cluster (DBSCAN)","type":"string","id":"c3bf2540-e920-11ef-bdb5-cf6d2856a428","friendlyName":"Cluster ( DBSCA N)","entityTags":[{"tag":".semantic-detection-duration","id":"d69e8930-e920-11ef-9b89-3bdc5721bd12"},{"tag":".id","id":"d69eb040-e920-11ef-d96d-fd5201b3cd5a"}],"metaParams":{".semantic-detection-duration":"0",".id":"c3bf2540-e920-11ef-bdb5-cf6d2856a428"}}]}