{"databases/apitests_db_malicious/001_init.sql":"Fri, 11 Oct 2024 08:26:04 GMT","detectors.js":"Thu, 10 Oct 2024 14:47:19 GMT","package-lock.json":"Thu, 10 Oct 2024 14:47:45 GMT","package.json":"Fri, 11 Oct 2024 17:11:14 GMT","package.png":"Thu, 10 Oct 2024 14:47:19 GMT","README.md":"Thu, 10 Oct 2024 14:47:19 GMT","src/package-test.ts":"Thu, 10 Oct 2024 14:47:19 GMT","src/package.g.ts":"Fri, 11 Oct 2024 17:13:20 GMT","src/package.ts":"Fri, 11 Oct 2024 17:13:20 GMT","tsconfig.json":"Thu, 10 Oct 2024 14:47:19 GMT","webpack.config.js":"Thu, 10 Oct 2024 14:47:19 GMT","dist/package-test.js":"Fri, 11 Oct 2024 17:11:07 GMT","dist/package-test.js.map":"Fri, 11 Oct 2024 17:11:07 GMT","dist/package.js":"Fri, 11 Oct 2024 17:11:07 GMT","dist/package.js.map":"Fri, 11 Oct 2024 17:11:07 GMT"}