{"#type":"CsvImportOptions","id":"b7442d50-e920-11ef-a35c-9d185a5ca388","tags":{".history":"timestamp, user, command, response\n2025-03-24T14:46:48.849,cb276bc0-6280-11ee-82f7-8dc8dd5df45b,\"Result = OpenFile(\"\"System:AppData/Chem/demo_files/sar_small.csv\"\")\",\n2025-03-24T14:47:12.987,cb276bc0-6280-11ee-82f7-8dc8dd5df45b,\"Chem:activityCliffsTransform(Result, \"\"smiles\"\", \"\"In-vivo Activity\"\", 78, \"\"UMAP\"\", \"\"Tanimoto\"\", options = \"\"{\\\"\"learningRate\\\"\":1,\\\"\"nEpochs\\\"\":0,\\\"\"nNeighbors\\\"\":15,\\\"\"spread\\\"\":1,\\\"\"minDist\\\"\":0.1,\\\"\"useWebGPU\\\"\":true,\\\"\"dbScanEpsilon\\\"\":0.01,\\\"\"dbScanMinPts\\\"\":4,\\\"\"preprocessingFuncArgs\\\"\":{}}\"\")\",\n",".script":"Result = OpenFile(\"System:AppData/Chem/demo_files/sar_small.csv\")\nChem:activityCliffsTransform(Result, \"smiles\", \"In-vivo Activity\", 78, \"UMAP\", \"Tanimoto\", options = \"{\\\"learningRate\\\":1,\\\"nEpochs\\\":0,\\\"nNeighbors\\\":15,\\\"spread\\\":1,\\\"minDist\\\":0.1,\\\"useWebGPU\\\":true,\\\"dbScanEpsilon\\\":0.01,\\\"dbScanMinPts\\\":4,\\\"preprocessingFuncArgs\\\":{}}\")",".orig.table.name":"sar_small",".id":"b7442d50-e920-11ef-a35c-9d185a5ca388","activityCliffsParams":"{\"molColName\":\"smiles\",\"activityColName\":\"In-vivo Activity\",\"similarityMetric\":\"Tanimoto\",\"similarity\":78,\"options\":\"{\\\"learningRate\\\":1,\\\"nEpochs\\\":0,\\\"nNeighbors\\\":15,\\\"spread\\\":1,\\\"minDist\\\":0.1,\\\"useWebGPU\\\":true,\\\"dbScanEpsilon\\\":0.01,\\\"dbScanMinPts\\\":4,\\\"preprocessingFuncArgs\\\":{}}\"}"},"columnImportOptions":[{"name":"smiles","type":"string","semType":"Molecule","id":"cba48bf0-e920-11ef-c23f-81d5f8e7564d","friendlyName":"Smiles","entityTags":[{"tag":".semantic-detection-duration","id":"da7656e0-e920-11ef-f34d-8d04c6ad616f"},{"tag":"units","id":"da767df0-e920-11ef-f71b-3b0b6eb86a82"},{"tag":"quality","id":"da767df0-e920-11ef-f2d2-2320732e98a3"},{"tag":"cell.renderer","id":"da76a500-e920-11ef-d73f-8b10fb932e01"},{"tag":".id","id":"da76cc10-e920-11ef-b5e1-232925876dd5"}],"metaParams":{".semantic-detection-duration":"6","units":"smiles","quality":"Molecule","cell.renderer":"Molecule",".id":"cba48bf0-e920-11ef-c23f-81d5f8e7564d"}},{"name":"ID","type":"int","id":"cba4b300-e920-11ef-a58c-0ff7a1aa6835","friendlyName":"ID","entityTags":[{"tag":".semantic-detection-duration","id":"da76f320-e920-11ef-ddb3-63b1a532bde3"},{"tag":".id","id":"da771a30-e920-11ef-97e0-55ee7139f76a"}],"metaParams":{".semantic-detection-duration":"12",".id":"cba4b300-e920-11ef-a58c-0ff7a1aa6835"}},{"name":"Mol Wt.","type":"double","id":"cba4da10-e920-11ef-b67a-9df842cc7c93","friendlyName":"Mol Wt.","entityTags":[{"tag":"format","id":"da774140-e920-11ef-8d0a-e9f6081de690"},{"tag":".source-precision","id":"da774140-e920-11ef-c86e-e9a0570d5f9d"},{"tag":".semantic-detection-duration","id":"da776850-e920-11ef-f72c-1365a1244e0b"},{"tag":".id","id":"da776850-e920-11ef-ad43-913767ee4c86"}],"metaParams":{"format":"0.0000000",".source-precision":"7",".semantic-detection-duration":"4",".id":"cba4da10-e920-11ef-b67a-9df842cc7c93"}},{"name":"Plate #","type":"int","id":"cba52830-e920-11ef-f2ea-6b52a4ceab99","friendlyName":"Plate #","entityTags":[{"tag":".semantic-detection-duration","id":"da776850-e920-11ef-8b72-77db7fb0df70"},{"tag":".id","id":"da778f60-e920-11ef-d751-ad39ec535382"}],"metaParams":{".semantic-detection-duration":"1",".id":"cba52830-e920-11ef-f2ea-6b52a4ceab99"}},{"name":"Row","type":"int","id":"cba52830-e920-11ef-9385-c78e454fd4b6","friendlyName":"Row","entityTags":[{"tag":".semantic-detection-duration","id":"da778f60-e920-11ef-9a41-4354997692cb"},{"tag":".id","id":"da77b670-e920-11ef-cbbd-83f1c232ab14"}],"metaParams":{".semantic-detection-duration":"2",".id":"cba52830-e920-11ef-9385-c78e454fd4b6"}},{"name":"Column","type":"int","id":"cba54f40-e920-11ef-cee9-23b0a500797d","friendlyName":"Column","entityTags":[{"tag":".semantic-detection-duration","id":"da77b670-e920-11ef-dfae-bd27d5dc2842"},{"tag":".id","id":"da77dd80-e920-11ef-df9f-774aea3328ec"}],"metaParams":{".semantic-detection-duration":"1",".id":"cba54f40-e920-11ef-cee9-23b0a500797d"}},{"name":"LC/MS","type":"string","id":"cba57650-e920-11ef-926c-c71f930f60c8","friendlyName":"LC/MS","entityTags":[{"tag":".semantic-detection-duration","id":"da77dd80-e920-11ef-8e5e-77e44ce1a31e"},{"tag":".id","id":"da780490-e920-11ef-ea10-73cdf9ce169f"}],"metaParams":{".semantic-detection-duration":"2",".id":"cba57650-e920-11ef-926c-c71f930f60c8"}},{"name":"LD(50)","type":"double","id":"cba59d60-e920-11ef-b9cf-630bf3986e60","friendlyName":"LD(50)","entityTags":[{"tag":"format","id":"da780490-e920-11ef-bce3-c17e1aaa5a0e"},{"tag":".source-precision","id":"da782ba0-e920-11ef-8d73-b96472bad451"},{"tag":".semantic-detection-duration","id":"da782ba0-e920-11ef-b3c5-dfbbe172bdec"},{"tag":".id","id":"da7852b0-e920-11ef-9d4e-c3a154770ed5"}],"metaParams":{"format":"0.0000000",".source-precision":"7",".semantic-detection-duration":"1",".id":"cba59d60-e920-11ef-b9cf-630bf3986e60"}},{"name":"In-vivo Activity","type":"int","id":"cba5c470-e920-11ef-b996-577cc32243e8","friendlyName":"In-vivo Activity","entityTags":[{"tag":".semantic-detection-duration","id":"da7852b0-e920-11ef-89c2-97e118c6d0a3"},{"tag":".id","id":"da7879c0-e920-11ef-ce65-dd75ea5b799f"}],"metaParams":{".semantic-detection-duration":"1",".id":"cba5c470-e920-11ef-b996-577cc32243e8"}},{"name":"Assay #1(IC50)","type":"double","id":"cba5eb80-e920-11ef-893b-2985023f045a","friendlyName":"Assay #1( I C50)","entityTags":[{"tag":"format","id":"da7879c0-e920-11ef-935c-4baa0ecde01a"},{"tag":".source-precision","id":"da78eef0-e920-11ef-c5ad-f747e4a8ff1e"},{"tag":".semantic-detection-duration","id":"da78eef0-e920-11ef-8487-cd7747a30308"},{"tag":".id","id":"da78eef0-e920-11ef-a87d-cbdf858b6b0f"}],"metaParams":{"format":"0.0000000",".source-precision":"7",".semantic-detection-duration":"1",".id":"cba5eb80-e920-11ef-893b-2985023f045a"}},{"name":"Assay #2 (IC50)","type":"double","id":"cba5eb80-e920-11ef-c693-abd60dc48600","friendlyName":"Assay #2 ( I C50)","entityTags":[{"tag":"format","id":"da791600-e920-11ef-acce-755368bd7b4f"},{"tag":".source-precision","id":"da791600-e920-11ef-9891-6d33eb290424"},{"tag":".semantic-detection-duration","id":"da793d10-e920-11ef-8988-1b8d454b421d"},{"tag":".id","id":"da793d10-e920-11ef-d610-b5bbc61ba6a9"}],"metaParams":{"format":"0.0000000",".source-precision":"7",".semantic-detection-duration":"1",".id":"cba5eb80-e920-11ef-c693-abd60dc48600"}},{"name":"Efficacy","type":"int","id":"cba61290-e920-11ef-c6ea-4bc3b24d2dfe","friendlyName":"Efficacy","entityTags":[{"tag":".semantic-detection-duration","id":"da793d10-e920-11ef-d83c-5f6ccdbf36f6"},{"tag":".id","id":"da798b30-e920-11ef-80ce-67558fe71ab2"}],"metaParams":{".semantic-detection-duration":"1",".id":"cba61290-e920-11ef-c6ea-4bc3b24d2dfe"}},{"name":"Kd #1","type":"double","id":"cba639a0-e920-11ef-b752-0b5461f6ad6c","friendlyName":"Kd #1","entityTags":[{"tag":"format","id":"da79b240-e920-11ef-91b7-51fd569fbb5d"},{"tag":".source-precision","id":"da79b240-e920-11ef-cb0f-21609a9ce7c8"},{"tag":".semantic-detection-duration","id":"da79d950-e920-11ef-c67e-ab62b7cf1014"},{"tag":".id","id":"da79d950-e920-11ef-a567-43d55b6e6cba"}],"metaParams":{"format":"0.0000000",".source-precision":"7",".semantic-detection-duration":"2",".id":"cba639a0-e920-11ef-b752-0b5461f6ad6c"}},{"name":"Kd #2","type":"double","id":"cba660b0-e920-11ef-cccc-c533ac4b8971","friendlyName":"Kd #2","entityTags":[{"tag":"format","id":"da79d950-e920-11ef-8ff8-59bdad6e8cf3"},{"tag":".source-precision","id":"da7a0060-e920-11ef-9f29-fdef2f9a654f"},{"tag":".semantic-detection-duration","id":"da7a0060-e920-11ef-e099-25ad09954c6c"},{"tag":".id","id":"da7a0060-e920-11ef-f7ae-d770444622a4"}],"metaParams":{"format":"0.0000000",".source-precision":"7",".semantic-detection-duration":"1",".id":"cba660b0-e920-11ef-cccc-c533ac4b8971"}},{"name":"Half life (min)","type":"int","id":"cba687c0-e920-11ef-b0eb-4d30d3811cbb","friendlyName":"Half life (min)","entityTags":[{"tag":".semantic-detection-duration","id":"da7a0060-e920-11ef-ec8b-1d031b5e05f7"},{"tag":".id","id":"da7a2770-e920-11ef-c9ea-6d78a1545cdd"}],"metaParams":{".semantic-detection-duration":"1",".id":"cba687c0-e920-11ef-b0eb-4d30d3811cbb"}},{"name":"Bioavailability","type":"int","id":"cba687c0-e920-11ef-9a41-2b471acd343e","friendlyName":"Bioavailability","entityTags":[{"tag":".semantic-detection-duration","id":"da7a2770-e920-11ef-d42f-ff89d2e6cd49"},{"tag":".id","id":"da7a4e80-e920-11ef-f3f8-7f74c296d2ff"}],"metaParams":{".semantic-detection-duration":"1",".id":"cba687c0-e920-11ef-9a41-2b471acd343e"}},{"name":"cLogP","type":"double","id":"cba6aed0-e920-11ef-ed4e-2f542bae1204","friendlyName":"C Log P","entityTags":[{"tag":"format","id":"da7a4e80-e920-11ef-b900-3b7cec652e7b"},{"tag":".source-precision","id":"da7a4e80-e920-11ef-9b3d-c96e61e26fa6"},{"tag":".semantic-detection-duration","id":"da7a4e80-e920-11ef-ee9e-6f7332e07f0f"},{"tag":".id","id":"da7a7590-e920-11ef-d645-61653a29449d"}],"metaParams":{"format":"0.0000000",".source-precision":"7",".semantic-detection-duration":"1",".id":"cba6aed0-e920-11ef-ed4e-2f542bae1204"}},{"name":"Pka","type":"double","id":"cba6d5e0-e920-11ef-8661-93226d553bf9","friendlyName":"Pka","entityTags":[{"tag":"format","id":"da7a7590-e920-11ef-e210-0150aed98f8b"},{"tag":".source-precision","id":"da7a7590-e920-11ef-bea3-bb74b9a1c1e6"},{"tag":".semantic-detection-duration","id":"da7a9ca0-e920-11ef-98b7-edb745269216"},{"tag":".id","id":"da7a9ca0-e920-11ef-b23f-7f4049d1d64e"}],"metaParams":{"format":"0.0000000",".source-precision":"7",".semantic-detection-duration":"1",".id":"cba6d5e0-e920-11ef-8661-93226d553bf9"}},{"name":"R1 fmla","type":"string","id":"cba6fcf0-e920-11ef-e74d-21260bad326d","friendlyName":"R1 fmla","entityTags":[{"tag":".semantic-detection-duration","id":"da7a9ca0-e920-11ef-93c9-43f6ee59db5c"},{"tag":".id","id":"da7a9ca0-e920-11ef-a238-e1c35f9980ec"}],"metaParams":{".semantic-detection-duration":"4",".id":"cba6fcf0-e920-11ef-e74d-21260bad326d"}},{"name":"R2 fmla","type":"string","id":"cba6fcf0-e920-11ef-bac1-bd80f974cf97","friendlyName":"R2 fmla","entityTags":[{"tag":".semantic-detection-duration","id":"da7ac3b0-e920-11ef-8fb9-67c5df7474a7"},{"tag":".id","id":"da7ac3b0-e920-11ef-e45e-8546d4a9b2e6"}],"metaParams":{".semantic-detection-duration":"5",".id":"cba6fcf0-e920-11ef-bac1-bd80f974cf97"}},{"name":"R3 fmla","type":"string","id":"cba72400-e920-11ef-db2a-054c07f83790","friendlyName":"R3 fmla","entityTags":[{"tag":".semantic-detection-duration","id":"da7ac3b0-e920-11ef-97e2-3737eda4bf1b"},{"tag":".id","id":"da7aeac0-e920-11ef-919f-57e87485514a"}],"metaParams":{".semantic-detection-duration":"6",".id":"cba72400-e920-11ef-db2a-054c07f83790"}},{"name":"R4 fmla","type":"string","id":"cba72400-e920-11ef-a0e9-f56a135c4a4e","friendlyName":"R4 fmla","entityTags":[{"tag":".semantic-detection-duration","id":"da7aeac0-e920-11ef-a9c3-0b6df2a95ebf"},{"tag":".id","id":"da7aeac0-e920-11ef-c1f3-87a96843df1e"}],"metaParams":{".semantic-detection-duration":"6",".id":"cba72400-e920-11ef-a0e9-f56a135c4a4e"}},{"name":"2Ka","type":"double","id":"cba74b10-e920-11ef-dde7-a967505dcf0f","friendlyName":"2 Ka","entityTags":[{"tag":"format","id":"da7aeac0-e920-11ef-ca2f-a9df848eb21c"},{"tag":".source-precision","id":"da7b11d0-e920-11ef-e897-977c7f15d1ef"},{"tag":".semantic-detection-duration","id":"da7b11d0-e920-11ef-9ab1-8d2c4bb713b5"},{"tag":".id","id":"da7b11d0-e920-11ef-d3ca-1501d7815a94"}],"metaParams":{"format":"0.0000000",".source-precision":"7",".semantic-detection-duration":"2",".id":"cba74b10-e920-11ef-dde7-a967505dcf0f"}},{"name":"S5","type":"double","id":"cba77220-e920-11ef-a48d-d18be58e7aa8","friendlyName":"S5","entityTags":[{"tag":"format","id":"da7b11d0-e920-11ef-8dba-9f5a82d704de"},{"tag":".source-precision","id":"da7b38e0-e920-11ef-a246-75c99fd05b83"},{"tag":".semantic-detection-duration","id":"da7b38e0-e920-11ef-be9f-29d07211bce6"},{"tag":".id","id":"da7b38e0-e920-11ef-af94-97a05dc8b88e"}],"metaParams":{"format":"0.0000000",".source-precision":"7",".semantic-detection-duration":"2",".id":"cba77220-e920-11ef-a48d-d18be58e7aa8"}},{"name":"T1","type":"double","id":"cba79930-e920-11ef-907a-837da3729b8c","friendlyName":"T1","entityTags":[{"tag":"format","id":"da7b5ff0-e920-11ef-a80a-c713c2822cd5"},{"tag":".source-precision","id":"da7b5ff0-e920-11ef-ca4d-974356e1e6e6"},{"tag":".semantic-detection-duration","id":"da7b5ff0-e920-11ef-bfe2-c91481449fa3"},{"tag":".id","id":"da7b5ff0-e920-11ef-cc08-e13846d3aeff"}],"metaParams":{"format":"0.0000000",".source-precision":"7",".semantic-detection-duration":"1",".id":"cba79930-e920-11ef-907a-837da3729b8c"}},{"name":"1Cv","type":"double","id":"cba7c040-e920-11ef-c0f1-f9b9a7a091d2","friendlyName":"1 Cv","entityTags":[{"tag":"format","id":"da7b8700-e920-11ef-c90c-9b03fcf2867d"},{"tag":".source-precision","id":"da7b8700-e920-11ef-d595-878b17209dbe"},{"tag":".semantic-detection-duration","id":"da7b8700-e920-11ef-93a0-254b6d619cb9"},{"tag":".id","id":"da7b8700-e920-11ef-c541-4b3dc29b2ff1"}],"metaParams":{"format":"0.0000000",".source-precision":"7",".semantic-detection-duration":"1",".id":"cba7c040-e920-11ef-c0f1-f9b9a7a091d2"}},{"name":"Core_id","type":"string","id":"cba7c040-e920-11ef-9392-9b38cd86a092","friendlyName":"Core_id","entityTags":[{"tag":".semantic-detection-duration","id":"da7b8700-e920-11ef-bc26-3b7445b104d1"},{"tag":".id","id":"da7bae10-e920-11ef-d2d0-a9d1b558859a"}],"metaParams":{".semantic-detection-duration":"7",".id":"cba7c040-e920-11ef-9392-9b38cd86a092"}},{"name":"~smiles.Morgan","type":"byte_array","id":"cba7e750-e920-11ef-d28c-1d58e730ff15","friendlyName":"~smiles. Morgan","entityTags":[{"tag":".includeInCsvExport","id":"da7bae10-e920-11ef-fe2d-fbf18f611f1c"},{"tag":".includeInBinaryExport","id":"da7bae10-e920-11ef-cc98-811f16241b9c"},{"tag":".semantic-detection-duration","id":"da7bae10-e920-11ef-f3da-3be6d4a613f4"},{"tag":".id","id":"da7bd520-e920-11ef-e74c-fd2186258954"}],"metaParams":{".includeInCsvExport":"false",".includeInBinaryExport":"false",".semantic-detection-duration":"0",".id":"cba7e750-e920-11ef-d28c-1d58e730ff15"}},{"name":"Embed_X_1","type":"double","id":"cba80e60-e920-11ef-b034-df2e531ed70a","friendlyName":"Embed_ X_1","entityTags":[{"tag":".semantic-detection-duration","id":"da7bd520-e920-11ef-d31a-e7002cf08f90"},{"tag":".id","id":"da7bd520-e920-11ef-cea6-81b53ef129ad"}],"metaParams":{".semantic-detection-duration":"0",".id":"cba80e60-e920-11ef-b034-df2e531ed70a"}},{"name":"Embed_Y_1","type":"double","id":"cba80e60-e920-11ef-d29d-9154e480f80d","friendlyName":"Embed_ Y_1","entityTags":[{"tag":".semantic-detection-duration","id":"da7bd520-e920-11ef-b4d2-0fabcb2856f4"},{"tag":".id","id":"da7bd520-e920-11ef-b0c8-67fe64ae1113"}],"metaParams":{".semantic-detection-duration":"0",".id":"cba80e60-e920-11ef-d29d-9154e480f80d"}},{"name":"sali__1","type":"double","id":"cba80e60-e920-11ef-e2d7-87b9a253be49","friendlyName":"Sali__1","entityTags":[{"tag":".semantic-detection-duration","id":"da7bfc30-e920-11ef-e8ef-e7c1fb75402d"},{"tag":".id","id":"da7bfc30-e920-11ef-cfe3-297681655e5d"}],"metaParams":{".semantic-detection-duration":"0",".id":"cba80e60-e920-11ef-e2d7-87b9a253be49"}}]}