{"#type":"CsvImportOptions","id":"d51c9250-e920-11ef-e21b-871ec848eea9","tags":{"import-time":"2025-03-25 16:29:20.757","source.file":"MSA.csv",".orig.table.name":"MSA",".id":"d51c9250-e920-11ef-e21b-871ec848eea9"},"columnImportOptions":[{"name":"MSA","type":"string","semType":"Macromolecule","id":"90688a70-e920-11ef-f1e1-233fe1ec7239","friendlyName":"MSA","entityTags":[{"tag":"units","id":"af1b6d70-e920-11ef-cf75-73f44ed06b4d"},{"tag":"separator","id":"af1b6d70-e920-11ef-f917-b381350d5f55"},{"tag":"aligned","id":"af1b6d70-e920-11ef-d8f8-d59d657d46d8"},{"tag":"alphabet","id":"af1b6d70-e920-11ef-cf78-0b4677485f49"},{"tag":".alphabetIsMultichar","id":"af1b6d70-e920-11ef-8ca8-0182ad87130e"},{"tag":"cell.renderer","id":"af1b6d70-e920-11ef-8733-05cf867609a4"},{"tag":"quality","id":"af1b6d70-e920-11ef-d86e-6de956edc58e"},{"tag":".semantic-detection-duration","id":"af1b6d70-e920-11ef-a4f4-dbc926b6469b"},{"tag":".id","id":"af1b6d70-e920-11ef-a4fc-41fca8c3d060"}],"metaParams":{"units":"separator","separator":"/","aligned":"SEQ.MSA","alphabet":"UN",".alphabetIsMultichar":"true","cell.renderer":"sequence","quality":"Macromolecule",".semantic-detection-duration":"4",".id":"90688a70-e920-11ef-f1e1-233fe1ec7239"}},{"name":"Activity","type":"double","id":"9068b180-e920-11ef-c7de-6b24b8ecbebb","friendlyName":"Activity","entityTags":[{"tag":"format","id":"af1b6d70-e920-11ef-b3f4-adb268f9c524"},{"tag":".source-precision","id":"af1b6d70-e920-11ef-9c51-21eac2517337"},{"tag":".semantic-detection-duration","id":"af1b9480-e920-11ef-cbcd-534704b60953"},{"tag":".id","id":"af1b9480-e920-11ef-e50a-e50a0598e583"}],"metaParams":{"format":"0.0000000000000000",".source-precision":"16",".semantic-detection-duration":"2",".id":"9068b180-e920-11ef-c7de-6b24b8ecbebb"}},{"name":"EmbedX (MCL)","type":"double","id":"9068b180-e920-11ef-91d2-a936de199451","friendlyName":"Embed X ( MC L)","entityTags":[{"tag":".semantic-detection-duration","id":"af1b9480-e920-11ef-c736-c368e2c973fc"},{"tag":".id","id":"af1b9480-e920-11ef-edd7-397bd7e40b86"}],"metaParams":{".semantic-detection-duration":"0",".id":"9068b180-e920-11ef-91d2-a936de199451"}},{"name":"EmbedY (MCL)","type":"double","id":"9068b180-e920-11ef-80f5-b9ae55f6cb51","friendlyName":"Embed Y ( MC L)","entityTags":[{"tag":".semantic-detection-duration","id":"af1b9480-e920-11ef-85be-892f8e862a88"},{"tag":".id","id":"af1b9480-e920-11ef-d054-cf9517e2b053"}],"metaParams":{".semantic-detection-duration":"0",".id":"9068b180-e920-11ef-80f5-b9ae55f6cb51"}},{"name":"Cluster (MCL)","type":"string","id":"9068d890-e920-11ef-bf0c-31a0492c07f3","friendlyName":"Cluster ( MC L)","entityTags":[{"tag":".color-coding-categorical","id":"af1b9480-e920-11ef-e54f-0d37b3d26808"},{"tag":".semantic-detection-duration","id":"af1b9480-e920-11ef-cbd5-df08e8a7ecd8"},{"tag":".id","id":"af1b9480-e920-11ef-a90a-77730b9fd2a1"}],"metaParams":{".color-coding-categorical":"{\"-1\":1689114854}",".semantic-detection-duration":"4",".id":"9068d890-e920-11ef-bf0c-31a0492c07f3"}},{"name":"Cluster size (MCL)","type":"int","id":"9068d890-e920-11ef-f429-6fbe385f654e","friendlyName":"Cluster size ( MC L)","entityTags":[{"tag":".semantic-detection-duration","id":"af1b9480-e920-11ef-fb2f-e3268c324c86"},{"tag":".id","id":"af1b9480-e920-11ef-c554-3f9aeffc0f56"}],"metaParams":{".semantic-detection-duration":"0",".id":"9068d890-e920-11ef-f429-6fbe385f654e"}},{"name":"Connectivity (MCL)","type":"int","id":"9068d890-e920-11ef-e27b-3dd666eb0f4d","friendlyName":"Connectivity ( MC L)","entityTags":[{"tag":".semantic-detection-duration","id":"af1bbb90-e920-11ef-ac70-ff60e2f35abe"},{"tag":".id","id":"af1bbb90-e920-11ef-9c98-b7d7c66f7365"}],"metaParams":{".semantic-detection-duration":"0",".id":"9068d890-e920-11ef-e27b-3dd666eb0f4d"}},{"name":"Embed_X_1","type":"double","id":"9068d890-e920-11ef-bad4-a3327a707971","friendlyName":"Embed_ X_1","entityTags":[{"tag":".semantic-detection-duration","id":"af1bbb90-e920-11ef-c9ca-b3b4b8c9dded"},{"tag":".id","id":"af1bbb90-e920-11ef-b02e-095efed7fb22"}],"metaParams":{".semantic-detection-duration":"0",".id":"9068d890-e920-11ef-bad4-a3327a707971"}},{"name":"Embed_Y_1","type":"double","id":"9068d890-e920-11ef-f9fa-81126042c4d9","friendlyName":"Embed_ Y_1","entityTags":[{"tag":".semantic-detection-duration","id":"af1bbb90-e920-11ef-8eaa-6722c3620b5f"},{"tag":".id","id":"af1bbb90-e920-11ef-85de-835dff52c00a"}],"metaParams":{".semantic-detection-duration":"0",".id":"9068d890-e920-11ef-f9fa-81126042c4d9"}},{"name":"Cluster (DBSCAN)","type":"string","id":"9068d890-e920-11ef-b77d-fdc5b5c38a5b","friendlyName":"Cluster ( DBSCA N)","entityTags":[{"tag":".semantic-detection-duration","id":"af1bbb90-e920-11ef-b5ad-6db45ff02199"},{"tag":".id","id":"af1bbb90-e920-11ef-cde2-e33f306a65d5"}],"metaParams":{".semantic-detection-duration":"1",".id":"9068d890-e920-11ef-b77d-fdc5b5c38a5b"}}]}