{"#type":"CsvImportOptions","id":"62aa45c0-e920-11ef-e2fc-f7ac0e285418","tags":{".history":"timestamp, user, command, response\n2025-03-26T16:28:49.187,cb276bc0-6280-11ee-82f7-8dc8dd5df45b,\"Result = OpenFile(\"\"System:AppData/Chem/demo_files/sar_small.csv\"\")\",\n2025-03-26T16:29:51.150,cb276bc0-6280-11ee-82f7-8dc8dd5df45b,\"Chem:activityCliffsTransform(Result, \"\"smiles\"\", \"\"In-vivo Activity\"\", 73, \"\"UMAP\"\", \"\"Tanimoto\"\", options = \"\"{\\\"\"learningRate\\\"\":1,\\\"\"nEpochs\\\"\":0,\\\"\"nNeighbors\\\"\":15,\\\"\"spread\\\"\":1,\\\"\"minDist\\\"\":0.1,\\\"\"useWebGPU\\\"\":true,\\\"\"dbScanEpsilon\\\"\":0.01,\\\"\"dbScanMinPts\\\"\":4,\\\"\"preprocessingFuncArgs\\\"\":{}}\"\")\",\n",".script":"Result = OpenFile(\"System:AppData/Chem/demo_files/sar_small.csv\")\nChem:activityCliffsTransform(Result, \"smiles\", \"In-vivo Activity\", 73, \"UMAP\", \"Tanimoto\", options = \"{\\\"learningRate\\\":1,\\\"nEpochs\\\":0,\\\"nNeighbors\\\":15,\\\"spread\\\":1,\\\"minDist\\\":0.1,\\\"useWebGPU\\\":true,\\\"dbScanEpsilon\\\":0.01,\\\"dbScanMinPts\\\":4,\\\"preprocessingFuncArgs\\\":{}}\")",".orig.table.name":"sar_small",".id":"62aa45c0-e920-11ef-e2fc-f7ac0e285418","activityCliffsParams":"{\"molColName\":\"smiles\",\"activityColName\":\"In-vivo Activity\",\"similarityMetric\":\"Tanimoto\",\"similarity\":73,\"options\":\"{\\\"learningRate\\\":1,\\\"nEpochs\\\":0,\\\"nNeighbors\\\":15,\\\"spread\\\":1,\\\"minDist\\\":0.1,\\\"useWebGPU\\\":true,\\\"dbScanEpsilon\\\":0.01,\\\"dbScanMinPts\\\":4,\\\"preprocessingFuncArgs\\\":{}}\"}"},"columnImportOptions":[{"name":"smiles","type":"string","semType":"Molecule","id":"78d52b30-e920-11ef-b3c1-1bcceff1e3cc","friendlyName":"Smiles","entityTags":[{"tag":"units","id":"dcc48320-e920-11ef-d4d7-33c5c7ce4f3e"},{"tag":"quality","id":"dcc48320-e920-11ef-8b3b-6bb2dac57b2c"},{"tag":"cell.renderer","id":"dcc48320-e920-11ef-a5b5-ab25f0b20753"},{"tag":".semantic-detection-duration","id":"dcc48320-e920-11ef-dce9-17d788cae78c"},{"tag":".id","id":"dcc4d140-e920-11ef-a91e-1b386a4dc74a"}],"metaParams":{"units":"smiles","quality":"Molecule","cell.renderer":"Molecule",".semantic-detection-duration":"19",".id":"78d52b30-e920-11ef-b3c1-1bcceff1e3cc"}},{"name":"ID","type":"int","id":"78d52b30-e920-11ef-b11f-e373fa48fa3c","friendlyName":"ID","entityTags":[{"tag":".semantic-detection-duration","id":"dcc4d140-e920-11ef-cdcf-e373d825a728"},{"tag":".id","id":"dcc4f850-e920-11ef-905d-db4eeb0c7ad1"}],"metaParams":{".semantic-detection-duration":"4",".id":"78d52b30-e920-11ef-b11f-e373fa48fa3c"}},{"name":"Mol Wt.","type":"double","id":"78d55240-e920-11ef-9924-f78ad4f422a1","friendlyName":"Mol Wt.","entityTags":[{"tag":"format","id":"dcc4f850-e920-11ef-c33e-25262d5f408e"},{"tag":".source-precision","id":"dcc4f850-e920-11ef-c20b-73d09159c7cf"},{"tag":".semantic-detection-duration","id":"dcc51f60-e920-11ef-8f4d-e51bf42fd2b1"},{"tag":".id","id":"dcc51f60-e920-11ef-c549-339cf7352a06"}],"metaParams":{"format":"0.0000000",".source-precision":"7",".semantic-detection-duration":"7",".id":"78d55240-e920-11ef-9924-f78ad4f422a1"}},{"name":"Plate #","type":"int","id":"78d55240-e920-11ef-b91f-9f665e81abf3","friendlyName":"Plate #","entityTags":[{"tag":".semantic-detection-duration","id":"dcc51f60-e920-11ef-e4c7-c111df14c2d6"},{"tag":".id","id":"dcc54670-e920-11ef-a7db-25e356f943eb"}],"metaParams":{".semantic-detection-duration":"2",".id":"78d55240-e920-11ef-b91f-9f665e81abf3"}},{"name":"Row","type":"int","id":"78d57950-e920-11ef-d38d-5d71376ea147","friendlyName":"Row","entityTags":[{"tag":".semantic-detection-duration","id":"dcc54670-e920-11ef-99fa-fda8a25ecefc"},{"tag":".id","id":"dcc54670-e920-11ef-ee24-337819b20c29"}],"metaParams":{".semantic-detection-duration":"2",".id":"78d57950-e920-11ef-d38d-5d71376ea147"}},{"name":"Column","type":"int","id":"78d57950-e920-11ef-e58a-7da8649419c3","friendlyName":"Column","entityTags":[{"tag":".semantic-detection-duration","id":"dcc59490-e920-11ef-c6b5-af111dfc2c00"},{"tag":".id","id":"dcc59490-e920-11ef-df75-df1dcd689721"}],"metaParams":{".semantic-detection-duration":"3",".id":"78d57950-e920-11ef-e58a-7da8649419c3"}},{"name":"LC/MS","type":"string","id":"78d5a060-e920-11ef-f210-cd3d0fe74d66","friendlyName":"LC/MS","entityTags":[{"tag":".semantic-detection-duration","id":"dcc59490-e920-11ef-a974-f901c495d7e3"},{"tag":".id","id":"dcc5bba0-e920-11ef-d434-5dc269b64ab0"}],"metaParams":{".semantic-detection-duration":"4",".id":"78d5a060-e920-11ef-f210-cd3d0fe74d66"}},{"name":"LD(50)","type":"double","id":"78d5a060-e920-11ef-e4c9-61ec6eb7bab4","friendlyName":"LD(50)","entityTags":[{"tag":"format","id":"dcc5bba0-e920-11ef-c768-516edca78fce"},{"tag":".source-precision","id":"dcc5bba0-e920-11ef-f660-45188db27c4e"},{"tag":".semantic-detection-duration","id":"dcc5e2b0-e920-11ef-e7c7-65fc2729cd45"},{"tag":".id","id":"dcc5e2b0-e920-11ef-f7c7-27e4ce3e7c6f"}],"metaParams":{"format":"0.0000000",".source-precision":"7",".semantic-detection-duration":"2",".id":"78d5a060-e920-11ef-e4c9-61ec6eb7bab4"}},{"name":"In-vivo Activity","type":"int","id":"78d5c770-e920-11ef-b3e2-5b5ec968b42a","friendlyName":"In-vivo Activity","entityTags":[{"tag":".semantic-detection-duration","id":"dcc5e2b0-e920-11ef-f1b6-ed25b901d502"},{"tag":".id","id":"dcc609c0-e920-11ef-ca4f-d70ddbcd4558"}],"metaParams":{".semantic-detection-duration":"2",".id":"78d5c770-e920-11ef-b3e2-5b5ec968b42a"}},{"name":"Assay #1(IC50)","type":"double","id":"78d5c770-e920-11ef-cb7d-f5ef955d5fd2","friendlyName":"Assay #1( I C50)","entityTags":[{"tag":"format","id":"dcc609c0-e920-11ef-a0e7-61d3f753c105"},{"tag":".source-precision","id":"dcc630d0-e920-11ef-c4d3-e5deae3c2ba3"},{"tag":".semantic-detection-duration","id":"dcc630d0-e920-11ef-837b-e155f46e199f"},{"tag":".id","id":"dcc630d0-e920-11ef-c0d9-93234643ba80"}],"metaParams":{"format":"0.0000000",".source-precision":"7",".semantic-detection-duration":"1",".id":"78d5c770-e920-11ef-cb7d-f5ef955d5fd2"}},{"name":"Assay #2 (IC50)","type":"double","id":"78d5ee80-e920-11ef-df51-9b9d15df65ed","friendlyName":"Assay #2 ( I C50)","entityTags":[{"tag":"format","id":"dcc630d0-e920-11ef-bb11-e73072f0921b"},{"tag":".source-precision","id":"dcc657e0-e920-11ef-d16e-c55e3cc22fb0"},{"tag":".semantic-detection-duration","id":"dcc657e0-e920-11ef-ce43-4bbb0b18c872"},{"tag":".id","id":"dcc657e0-e920-11ef-ff12-1f1870961408"}],"metaParams":{"format":"0.0000000",".source-precision":"7",".semantic-detection-duration":"1",".id":"78d5ee80-e920-11ef-df51-9b9d15df65ed"}},{"name":"Efficacy","type":"int","id":"78d5ee80-e920-11ef-9292-efa0c4232169","friendlyName":"Efficacy","entityTags":[{"tag":".semantic-detection-duration","id":"dcc657e0-e920-11ef-cb71-e3a66ba74a6a"},{"tag":".id","id":"dcc657e0-e920-11ef-dae9-4b585102dddd"}],"metaParams":{".semantic-detection-duration":"2",".id":"78d5ee80-e920-11ef-9292-efa0c4232169"}},{"name":"Kd #1","type":"double","id":"78d61590-e920-11ef-9db2-f7f750c75f91","friendlyName":"Kd #1","entityTags":[{"tag":"format","id":"dcc657e0-e920-11ef-c69f-9b387482bbbd"},{"tag":".source-precision","id":"dcc67ef0-e920-11ef-a3ec-055492b391da"},{"tag":".semantic-detection-duration","id":"dcc67ef0-e920-11ef-d23a-7bf425177554"},{"tag":".id","id":"dcc67ef0-e920-11ef-cc6c-4b73b358a564"}],"metaParams":{"format":"0.0000000",".source-precision":"7",".semantic-detection-duration":"3",".id":"78d61590-e920-11ef-9db2-f7f750c75f91"}},{"name":"Kd #2","type":"double","id":"78d663b0-e920-11ef-be1a-d5ed09ea2f46","friendlyName":"Kd #2","entityTags":[{"tag":"format","id":"dcc6a600-e920-11ef-a4e3-e11059b0cd9a"},{"tag":".source-precision","id":"dcc6a600-e920-11ef-e224-bbccaa46f91d"},{"tag":".semantic-detection-duration","id":"dcc6a600-e920-11ef-8115-d3d8952bf8c7"},{"tag":".id","id":"dcc6a600-e920-11ef-b5dd-4feafed08f43"}],"metaParams":{"format":"0.0000000",".source-precision":"7",".semantic-detection-duration":"2",".id":"78d663b0-e920-11ef-be1a-d5ed09ea2f46"}},{"name":"Half life (min)","type":"int","id":"78d68ac0-e920-11ef-ee93-016863b5bb80","friendlyName":"Half life (min)","entityTags":[{"tag":".semantic-detection-duration","id":"dcc6a600-e920-11ef-d8fc-21611e266cf2"},{"tag":".id","id":"dcc6a600-e920-11ef-df6f-83f9a60935c8"}],"metaParams":{".semantic-detection-duration":"2",".id":"78d68ac0-e920-11ef-ee93-016863b5bb80"}},{"name":"Bioavailability","type":"int","id":"78d68ac0-e920-11ef-bf53-b704c0bbe44e","friendlyName":"Bioavailability","entityTags":[{"tag":".semantic-detection-duration","id":"dcc6cd10-e920-11ef-ac51-7f7790ab9aaa"},{"tag":".id","id":"dcc6cd10-e920-11ef-c46f-75f092c96456"}],"metaParams":{".semantic-detection-duration":"4",".id":"78d68ac0-e920-11ef-bf53-b704c0bbe44e"}},{"name":"cLogP","type":"double","id":"78d6b1d0-e920-11ef-ddb1-8f57e5ea7238","friendlyName":"C Log P","entityTags":[{"tag":"format","id":"dcc6cd10-e920-11ef-b4b9-d75a24acae29"},{"tag":".source-precision","id":"dcc6f420-e920-11ef-cb61-4d773bca604d"},{"tag":".semantic-detection-duration","id":"dcc6f420-e920-11ef-cc79-ad329a6218e7"},{"tag":".id","id":"dcc6f420-e920-11ef-fd3f-e9f42e1b9a41"}],"metaParams":{"format":"0.0000000",".source-precision":"7",".semantic-detection-duration":"2",".id":"78d6b1d0-e920-11ef-ddb1-8f57e5ea7238"}},{"name":"Pka","type":"double","id":"78d6d8e0-e920-11ef-8916-8f40359f3a33","friendlyName":"Pka","entityTags":[{"tag":"format","id":"dcc6f420-e920-11ef-aa25-a3b535c7f907"},{"tag":".source-precision","id":"dcc6f420-e920-11ef-9754-bb47c0a34666"},{"tag":".semantic-detection-duration","id":"dcc6f420-e920-11ef-91ea-89c3c468fa89"},{"tag":".id","id":"dcc71b30-e920-11ef-e97c-099987e73de0"}],"metaParams":{"format":"0.0000000",".source-precision":"7",".semantic-detection-duration":"2",".id":"78d6d8e0-e920-11ef-8916-8f40359f3a33"}},{"name":"R1 fmla","type":"string","id":"78d6d8e0-e920-11ef-9df7-eb4a71ad6521","friendlyName":"R1 fmla","entityTags":[{"tag":".semantic-detection-duration","id":"dcc71b30-e920-11ef-892b-bbfa180f1ad2"},{"tag":".id","id":"dcc71b30-e920-11ef-cade-87f8dcb5d74c"}],"metaParams":{".semantic-detection-duration":"11",".id":"78d6d8e0-e920-11ef-9df7-eb4a71ad6521"}},{"name":"R2 fmla","type":"string","id":"78d6fff0-e920-11ef-916b-2d549058bb2b","friendlyName":"R2 fmla","entityTags":[{"tag":".semantic-detection-duration","id":"dcc71b30-e920-11ef-955a-41b5f8bbb40a"},{"tag":".id","id":"dcc71b30-e920-11ef-e453-554d0541b721"}],"metaParams":{".semantic-detection-duration":"7",".id":"78d6fff0-e920-11ef-916b-2d549058bb2b"}},{"name":"R3 fmla","type":"string","id":"78d6fff0-e920-11ef-8b9b-2f19da3b6d1c","friendlyName":"R3 fmla","entityTags":[{"tag":".semantic-detection-duration","id":"dcc74240-e920-11ef-f03d-dd0eeca44233"},{"tag":".id","id":"dcc74240-e920-11ef-acbf-3bb25f067b65"}],"metaParams":{".semantic-detection-duration":"9",".id":"78d6fff0-e920-11ef-8b9b-2f19da3b6d1c"}},{"name":"R4 fmla","type":"string","id":"78d6fff0-e920-11ef-8e64-95eb9a4287f6","friendlyName":"R4 fmla","entityTags":[{"tag":".semantic-detection-duration","id":"dcc74240-e920-11ef-879a-53508b1320c4"},{"tag":".id","id":"dcc74240-e920-11ef-a06d-dd538866c15e"}],"metaParams":{".semantic-detection-duration":"11",".id":"78d6fff0-e920-11ef-8e64-95eb9a4287f6"}},{"name":"2Ka","type":"double","id":"78d72700-e920-11ef-df46-1960ad7a653b","friendlyName":"2 Ka","entityTags":[{"tag":"format","id":"dcc74240-e920-11ef-eda4-174491cb4c5d"},{"tag":".source-precision","id":"dcc76950-e920-11ef-be4f-733ccb332821"},{"tag":".semantic-detection-duration","id":"dcc76950-e920-11ef-85ed-3bd4fcfd26a6"},{"tag":".id","id":"dcc76950-e920-11ef-8ca5-1368636042f3"}],"metaParams":{"format":"0.0000000",".source-precision":"7",".semantic-detection-duration":"3",".id":"78d72700-e920-11ef-df46-1960ad7a653b"}},{"name":"S5","type":"double","id":"78d74e10-e920-11ef-cebb-c1f17c47a649","friendlyName":"S5","entityTags":[{"tag":"format","id":"dcc79060-e920-11ef-ad23-617966cb6a55"},{"tag":".source-precision","id":"dcc79060-e920-11ef-c88e-b58bc69b071a"},{"tag":".semantic-detection-duration","id":"dcc7b770-e920-11ef-bdc8-750adfef7293"},{"tag":".id","id":"dcc7b770-e920-11ef-dc3d-47e6c3dd28b0"}],"metaParams":{"format":"0.0000000",".source-precision":"7",".semantic-detection-duration":"2",".id":"78d74e10-e920-11ef-cebb-c1f17c47a649"}},{"name":"T1","type":"double","id":"78d79c30-e920-11ef-f3b2-97a634f3be70","friendlyName":"T1","entityTags":[{"tag":"format","id":"dcc7b770-e920-11ef-a1ae-9ba9cb5422bb"},{"tag":".source-precision","id":"dcc7de80-e920-11ef-ad25-a70b4f5f406f"},{"tag":".semantic-detection-duration","id":"dcc7de80-e920-11ef-82a6-2736da9cb82c"},{"tag":".id","id":"dcc7de80-e920-11ef-dc59-034b15a92440"}],"metaParams":{"format":"0.0000000",".source-precision":"7",".semantic-detection-duration":"1",".id":"78d79c30-e920-11ef-f3b2-97a634f3be70"}},{"name":"1Cv","type":"double","id":"78d7c340-e920-11ef-91b5-31c2384be9d2","friendlyName":"1 Cv","entityTags":[{"tag":"format","id":"dcc7de80-e920-11ef-899f-0ba05a2b8df8"},{"tag":".source-precision","id":"dcc7de80-e920-11ef-a378-ed1d454db648"},{"tag":".semantic-detection-duration","id":"dcc7de80-e920-11ef-cb0d-873e38b293e1"},{"tag":".id","id":"dcc80590-e920-11ef-a1fd-f5765cbb366b"}],"metaParams":{"format":"0.0000000",".source-precision":"7",".semantic-detection-duration":"2",".id":"78d7c340-e920-11ef-91b5-31c2384be9d2"}},{"name":"Core_id","type":"string","id":"78d7ea50-e920-11ef-b02f-41fd662941ec","friendlyName":"Core_id","entityTags":[{"tag":".semantic-detection-duration","id":"dcc80590-e920-11ef-bfb1-77c3ea12bec9"},{"tag":".id","id":"dcc80590-e920-11ef-cebe-5fabc6375cc2"}],"metaParams":{".semantic-detection-duration":"11",".id":"78d7ea50-e920-11ef-b02f-41fd662941ec"}},{"name":"~smiles.Morgan","type":"byte_array","id":"78d81160-e920-11ef-f00f-e31ad5891f88","friendlyName":"~smiles. Morgan","entityTags":[{"tag":".includeInCsvExport","id":"dcc80590-e920-11ef-f817-a9575ffb5ba0"},{"tag":".includeInBinaryExport","id":"dcc82ca0-e920-11ef-e217-e3efed49fcd0"},{"tag":".semantic-detection-duration","id":"dcc82ca0-e920-11ef-f7af-e570afa3990a"},{"tag":".id","id":"dcc82ca0-e920-11ef-8f33-d19a6fe9656f"}],"metaParams":{".includeInCsvExport":"false",".includeInBinaryExport":"false",".semantic-detection-duration":"0",".id":"78d81160-e920-11ef-f00f-e31ad5891f88"}},{"name":"Embed_X_1","type":"double","id":"78d81160-e920-11ef-d720-fff51baa5ba4","friendlyName":"Embed_ X_1","entityTags":[{"tag":".semantic-detection-duration","id":"dcc82ca0-e920-11ef-8acd-59305a1a8f2f"},{"tag":".id","id":"dcc82ca0-e920-11ef-92d1-f5d2a18b47f4"}],"metaParams":{".semantic-detection-duration":"0",".id":"78d81160-e920-11ef-d720-fff51baa5ba4"}},{"name":"Embed_Y_1","type":"double","id":"78d83870-e920-11ef-d866-6188d59c9a9d","friendlyName":"Embed_ Y_1","entityTags":[{"tag":".semantic-detection-duration","id":"dcc853b0-e920-11ef-bdb3-a572392accf0"},{"tag":".id","id":"dcc853b0-e920-11ef-81b2-cf04b7732cf0"}],"metaParams":{".semantic-detection-duration":"0",".id":"78d83870-e920-11ef-d866-6188d59c9a9d"}},{"name":"sali__1","type":"double","id":"78d83870-e920-11ef-aced-bdc357c46243","friendlyName":"Sali__1","entityTags":[{"tag":".semantic-detection-duration","id":"dcc853b0-e920-11ef-8daf-1fe27e3d425f"},{"tag":".id","id":"dcc853b0-e920-11ef-99fc-07c7dee4027b"}],"metaParams":{".semantic-detection-duration":"0",".id":"78d83870-e920-11ef-aced-bdc357c46243"}}]}