{"#type":"CsvImportOptions","id":"8d99fa50-e920-11ef-8565-b3ef4a451726","tags":{".history":"timestamp, user, command, response\n2025-03-26T13:31:46.470,cb276bc0-6280-11ee-82f7-8dc8dd5df45b,\"Result = OpenFile(\"\"System:AppData/Chem/demo_files/sar_small.csv\"\")\",\n2025-03-26T13:32:05.793,cb276bc0-6280-11ee-82f7-8dc8dd5df45b,\"Chem:activityCliffsTransform(Result, \"\"smiles\"\", \"\"In-vivo Activity\"\", 73, \"\"UMAP\"\", \"\"Tanimoto\"\", options = \"\"{\\\"\"learningRate\\\"\":1,\\\"\"nEpochs\\\"\":0,\\\"\"nNeighbors\\\"\":15,\\\"\"spread\\\"\":1,\\\"\"minDist\\\"\":0.1,\\\"\"useWebGPU\\\"\":true,\\\"\"dbScanEpsilon\\\"\":0.01,\\\"\"dbScanMinPts\\\"\":4,\\\"\"preprocessingFuncArgs\\\"\":{}}\"\")\",\n",".script":"Result = OpenFile(\"System:AppData/Chem/demo_files/sar_small.csv\")\nChem:activityCliffsTransform(Result, \"smiles\", \"In-vivo Activity\", 73, \"UMAP\", \"Tanimoto\", options = \"{\\\"learningRate\\\":1,\\\"nEpochs\\\":0,\\\"nNeighbors\\\":15,\\\"spread\\\":1,\\\"minDist\\\":0.1,\\\"useWebGPU\\\":true,\\\"dbScanEpsilon\\\":0.01,\\\"dbScanMinPts\\\":4,\\\"preprocessingFuncArgs\\\":{}}\")",".orig.table.name":"sar_small",".id":"8d99fa50-e920-11ef-8565-b3ef4a451726","activityCliffsParams":"{\"molColName\":\"smiles\",\"activityColName\":\"In-vivo Activity\",\"similarityMetric\":\"Tanimoto\",\"similarity\":73,\"options\":\"{\\\"learningRate\\\":1,\\\"nEpochs\\\":0,\\\"nNeighbors\\\":15,\\\"spread\\\":1,\\\"minDist\\\":0.1,\\\"useWebGPU\\\":true,\\\"dbScanEpsilon\\\":0.01,\\\"dbScanMinPts\\\":4,\\\"preprocessingFuncArgs\\\":{}}\"}"},"columnImportOptions":[{"name":"smiles","type":"string","semType":"Molecule","id":"c65bdac0-e920-11ef-f268-117f0f6575df","friendlyName":"Smiles","entityTags":[{"tag":"units","id":"d2793410-e920-11ef-d955-edcc42c06155"},{"tag":"quality","id":"d2795b20-e920-11ef-d798-bdc32aa4282e"},{"tag":".semantic-detection-duration","id":"d2795b20-e920-11ef-81f4-d1f8c4358926"},{"tag":"cell.renderer","id":"d2795b20-e920-11ef-b06d-ed1bea8a935a"},{"tag":".id","id":"d2795b20-e920-11ef-b3bb-15358727b2b6"}],"metaParams":{"units":"smiles","quality":"Molecule",".semantic-detection-duration":"197","cell.renderer":"Molecule",".id":"c65bdac0-e920-11ef-f268-117f0f6575df"}},{"name":"ID","type":"int","id":"c65c28e0-e920-11ef-a6a2-db05c45f8dc7","friendlyName":"ID","entityTags":[{"tag":".semantic-detection-duration","id":"d2795b20-e920-11ef-96a3-9db973830266"},{"tag":".id","id":"d2798230-e920-11ef-9170-c72b0fd55af3"}],"metaParams":{".semantic-detection-duration":"9",".id":"c65c28e0-e920-11ef-a6a2-db05c45f8dc7"}},{"name":"Mol Wt.","type":"double","id":"c65c7700-e920-11ef-d195-37ecb386b0ff","friendlyName":"Mol Wt.","entityTags":[{"tag":"format","id":"d2798230-e920-11ef-b5df-bd4c8ed023a3"},{"tag":".source-precision","id":"d2798230-e920-11ef-b1b8-e75877af9076"},{"tag":".semantic-detection-duration","id":"d2798230-e920-11ef-b0f1-7b9b2a96ce6a"},{"tag":".id","id":"d2798230-e920-11ef-b9fd-abe9f3f49714"}],"metaParams":{"format":"0.0000000",".source-precision":"7",".semantic-detection-duration":"7",".id":"c65c7700-e920-11ef-d195-37ecb386b0ff"}},{"name":"Plate #","type":"int","id":"c65c9e10-e920-11ef-856e-e364de5f993d","friendlyName":"Plate #","entityTags":[{"tag":".semantic-detection-duration","id":"d2798230-e920-11ef-d782-77659a1dc70b"},{"tag":".id","id":"d279a940-e920-11ef-ef84-3dfdb5a01a15"}],"metaParams":{".semantic-detection-duration":"2",".id":"c65c9e10-e920-11ef-856e-e364de5f993d"}},{"name":"Row","type":"int","id":"c65cc520-e920-11ef-a31d-cbd9a1c3af7b","friendlyName":"Row","entityTags":[{"tag":".semantic-detection-duration","id":"d279a940-e920-11ef-98d0-3133fe0c6dc0"},{"tag":".id","id":"d279a940-e920-11ef-ffcc-6907e7da1e6b"}],"metaParams":{".semantic-detection-duration":"2",".id":"c65cc520-e920-11ef-a31d-cbd9a1c3af7b"}},{"name":"Column","type":"int","id":"c65cc520-e920-11ef-e3f7-e780b03c7294","friendlyName":"Column","entityTags":[{"tag":".semantic-detection-duration","id":"d279a940-e920-11ef-cf95-234e69b39174"},{"tag":".id","id":"d279a940-e920-11ef-a58d-478f4af9e83a"}],"metaParams":{".semantic-detection-duration":"2",".id":"c65cc520-e920-11ef-e3f7-e780b03c7294"}},{"name":"LC/MS","type":"string","id":"c65cec30-e920-11ef-e20c-b1a5ada3bc6d","friendlyName":"LC/MS","entityTags":[{"tag":".semantic-detection-duration","id":"d279a940-e920-11ef-f3cd-ab79f4a5de4d"},{"tag":".id","id":"d279d050-e920-11ef-d8bc-a32d4e2611c1"}],"metaParams":{".semantic-detection-duration":"8",".id":"c65cec30-e920-11ef-e20c-b1a5ada3bc6d"}},{"name":"LD(50)","type":"double","id":"c65d3a50-e920-11ef-9235-edff0200d84f","friendlyName":"LD(50)","entityTags":[{"tag":"format","id":"d279d050-e920-11ef-eeac-151b1aabd930"},{"tag":".source-precision","id":"d279d050-e920-11ef-dfa8-b735d4201f9e"},{"tag":".semantic-detection-duration","id":"d279d050-e920-11ef-9425-135e83d03966"},{"tag":".id","id":"d279d050-e920-11ef-cc92-35c34c0ae130"}],"metaParams":{"format":"0.0000000",".source-precision":"7",".semantic-detection-duration":"2",".id":"c65d3a50-e920-11ef-9235-edff0200d84f"}},{"name":"In-vivo Activity","type":"int","id":"c65d6160-e920-11ef-d9d7-6b4d1306f167","friendlyName":"In-vivo Activity","entityTags":[{"tag":".semantic-detection-duration","id":"d279d050-e920-11ef-f4d0-cd6383cf496e"},{"tag":".id","id":"d279d050-e920-11ef-9d7a-e9ec5557dcd6"}],"metaParams":{".semantic-detection-duration":"2",".id":"c65d6160-e920-11ef-d9d7-6b4d1306f167"}},{"name":"Assay #1(IC50)","type":"double","id":"c65d8870-e920-11ef-9bd2-27d3e9c75130","friendlyName":"Assay #1( I C50)","entityTags":[{"tag":"format","id":"d279f760-e920-11ef-903e-8184b890dcd2"},{"tag":".source-precision","id":"d279f760-e920-11ef-c525-eb3d36e3a6c8"},{"tag":".semantic-detection-duration","id":"d279f760-e920-11ef-87e8-3b1c0656f98a"},{"tag":".id","id":"d279f760-e920-11ef-993f-6704c302302a"}],"metaParams":{"format":"0.0000000",".source-precision":"7",".semantic-detection-duration":"1",".id":"c65d8870-e920-11ef-9bd2-27d3e9c75130"}},{"name":"Assay #2 (IC50)","type":"double","id":"c65e24b0-e920-11ef-af0b-e5cd1b3aaa8d","friendlyName":"Assay #2 ( I C50)","entityTags":[{"tag":"format","id":"d279f760-e920-11ef-8e72-bd243441e600"},{"tag":".source-precision","id":"d279f760-e920-11ef-b2cb-5ffd5bf0b17a"},{"tag":".semantic-detection-duration","id":"d27a1e70-e920-11ef-90a3-5b3c43d2ea72"},{"tag":".id","id":"d27a1e70-e920-11ef-a8d7-f7be7cd4c70f"}],"metaParams":{"format":"0.0000000",".source-precision":"7",".semantic-detection-duration":"2",".id":"c65e24b0-e920-11ef-af0b-e5cd1b3aaa8d"}},{"name":"Efficacy","type":"int","id":"c65e24b0-e920-11ef-b415-b14e86b3405a","friendlyName":"Efficacy","entityTags":[{"tag":".semantic-detection-duration","id":"d27a1e70-e920-11ef-9ae0-c19db4b69d47"},{"tag":".id","id":"d27a1e70-e920-11ef-ac99-8dd877695efc"}],"metaParams":{".semantic-detection-duration":"2",".id":"c65e24b0-e920-11ef-b415-b14e86b3405a"}},{"name":"Kd #1","type":"double","id":"c65e72d0-e920-11ef-80c6-9bbaca10b6ad","friendlyName":"Kd #1","entityTags":[{"tag":"format","id":"d27a1e70-e920-11ef-aa72-d3dd56c667e0"},{"tag":".source-precision","id":"d27a1e70-e920-11ef-b746-07e6998c2ea0"},{"tag":".semantic-detection-duration","id":"d27a6c90-e920-11ef-c80d-47baff07a52f"},{"tag":".id","id":"d27a6c90-e920-11ef-93e4-c9a07004d09c"}],"metaParams":{"format":"0.0000000",".source-precision":"7",".semantic-detection-duration":"2",".id":"c65e72d0-e920-11ef-80c6-9bbaca10b6ad"}},{"name":"Kd #2","type":"double","id":"c65e99e0-e920-11ef-889e-33347870d3b7","friendlyName":"Kd #2","entityTags":[{"tag":"format","id":"d27a6c90-e920-11ef-bf49-3f3fb837c81e"},{"tag":".source-precision","id":"d27a6c90-e920-11ef-c6c9-1106c7ed5c3f"},{"tag":".semantic-detection-duration","id":"d27a93a0-e920-11ef-9c16-f3b1cd7fdc52"},{"tag":".id","id":"d27a93a0-e920-11ef-d6f3-ed8cb1007aa6"}],"metaParams":{"format":"0.0000000",".source-precision":"7",".semantic-detection-duration":"2",".id":"c65e99e0-e920-11ef-889e-33347870d3b7"}},{"name":"Half life (min)","type":"int","id":"c65ec0f0-e920-11ef-967c-ff5f41de4e32","friendlyName":"Half life (min)","entityTags":[{"tag":".semantic-detection-duration","id":"d27a93a0-e920-11ef-9552-c1dc11aed2bf"},{"tag":".id","id":"d27a93a0-e920-11ef-b114-073dd71a2d46"}],"metaParams":{".semantic-detection-duration":"2",".id":"c65ec0f0-e920-11ef-967c-ff5f41de4e32"}},{"name":"Bioavailability","type":"int","id":"c65ee800-e920-11ef-a83e-51fa6c2e1e5d","friendlyName":"Bioavailability","entityTags":[{"tag":".semantic-detection-duration","id":"d27a93a0-e920-11ef-8126-351f80b0dd8f"},{"tag":".id","id":"d27a93a0-e920-11ef-a0d0-9b159b5e00ff"}],"metaParams":{".semantic-detection-duration":"1",".id":"c65ee800-e920-11ef-a83e-51fa6c2e1e5d"}},{"name":"cLogP","type":"double","id":"c65f0f10-e920-11ef-f92b-3d2430c2530e","friendlyName":"C Log P","entityTags":[{"tag":"format","id":"d27abab0-e920-11ef-c1fd-f39f80b22641"},{"tag":".source-precision","id":"d27abab0-e920-11ef-ea60-d7804eb07000"},{"tag":".semantic-detection-duration","id":"d27abab0-e920-11ef-aa3e-17af98ca2661"},{"tag":".id","id":"d27abab0-e920-11ef-9a58-491cc0975f0a"}],"metaParams":{"format":"0.0000000",".source-precision":"7",".semantic-detection-duration":"2",".id":"c65f0f10-e920-11ef-f92b-3d2430c2530e"}},{"name":"Pka","type":"double","id":"c65f5d30-e920-11ef-c746-2ba0a4fb45e9","friendlyName":"Pka","entityTags":[{"tag":"format","id":"d27abab0-e920-11ef-ea76-1fc536fae484"},{"tag":".source-precision","id":"d27ae1c0-e920-11ef-a5a2-6124b441cce9"},{"tag":".semantic-detection-duration","id":"d27ae1c0-e920-11ef-cb18-491203093a29"},{"tag":".id","id":"d27ae1c0-e920-11ef-a824-2338acbf0f61"}],"metaParams":{"format":"0.0000000",".source-precision":"7",".semantic-detection-duration":"2",".id":"c65f5d30-e920-11ef-c746-2ba0a4fb45e9"}},{"name":"R1 fmla","type":"string","id":"c65f8440-e920-11ef-d8f3-ddb7655ca0ab","friendlyName":"R1 fmla","entityTags":[{"tag":".semantic-detection-duration","id":"d27ae1c0-e920-11ef-c989-e9325b9b69af"},{"tag":".id","id":"d27ae1c0-e920-11ef-bee4-ed0e36f04313"}],"metaParams":{".semantic-detection-duration":"8",".id":"c65f8440-e920-11ef-d8f3-ddb7655ca0ab"}},{"name":"R2 fmla","type":"string","id":"c65f8440-e920-11ef-d109-c7df82433576","friendlyName":"R2 fmla","entityTags":[{"tag":".semantic-detection-duration","id":"d27ae1c0-e920-11ef-c1d0-533d3d397c8d"},{"tag":".id","id":"d27ae1c0-e920-11ef-d7f0-47738c7295be"}],"metaParams":{".semantic-detection-duration":"7",".id":"c65f8440-e920-11ef-d109-c7df82433576"}},{"name":"R3 fmla","type":"string","id":"c65fab50-e920-11ef-ffa1-679987868f8b","friendlyName":"R3 fmla","entityTags":[{"tag":".semantic-detection-duration","id":"d27b08d0-e920-11ef-9700-bb719d8ba5a1"},{"tag":".id","id":"d27b08d0-e920-11ef-82d3-db5f7dfd9034"}],"metaParams":{".semantic-detection-duration":"6",".id":"c65fab50-e920-11ef-ffa1-679987868f8b"}},{"name":"R4 fmla","type":"string","id":"c65fd260-e920-11ef-84c9-7f356074c4cb","friendlyName":"R4 fmla","entityTags":[{"tag":".semantic-detection-duration","id":"d27b08d0-e920-11ef-fb6e-55bcba97a3c2"},{"tag":".id","id":"d27b08d0-e920-11ef-860d-d36044ce964f"}],"metaParams":{".semantic-detection-duration":"9",".id":"c65fd260-e920-11ef-84c9-7f356074c4cb"}},{"name":"2Ka","type":"double","id":"c65ff970-e920-11ef-b258-372728f75910","friendlyName":"2 Ka","entityTags":[{"tag":"format","id":"d27b08d0-e920-11ef-fdf9-9f6a5212c565"},{"tag":".source-precision","id":"d27b2fe0-e920-11ef-d74e-e90a93380faf"},{"tag":".semantic-detection-duration","id":"d27b2fe0-e920-11ef-be88-13e8bc6c7277"},{"tag":".id","id":"d27b2fe0-e920-11ef-9ad8-e19b9bcb00d7"}],"metaParams":{"format":"0.0000000",".source-precision":"7",".semantic-detection-duration":"4",".id":"c65ff970-e920-11ef-b258-372728f75910"}},{"name":"S5","type":"double","id":"c6602080-e920-11ef-81ca-c1780930b699","friendlyName":"S5","entityTags":[{"tag":"format","id":"d27b2fe0-e920-11ef-bace-d577b0047f36"},{"tag":".source-precision","id":"d27b2fe0-e920-11ef-a9df-eb3390a06a6d"},{"tag":".semantic-detection-duration","id":"d27b56f0-e920-11ef-e3d4-c54cc4448db1"},{"tag":".id","id":"d27b56f0-e920-11ef-ee7c-adb57bba1fc9"}],"metaParams":{"format":"0.0000000",".source-precision":"7",".semantic-detection-duration":"2",".id":"c6602080-e920-11ef-81ca-c1780930b699"}},{"name":"T1","type":"double","id":"c6606ea0-e920-11ef-8967-659ba8db2415","friendlyName":"T1","entityTags":[{"tag":"format","id":"d27b56f0-e920-11ef-a9d0-fbe03b407ce8"},{"tag":".source-precision","id":"d27b56f0-e920-11ef-806f-05bff6b1e942"},{"tag":".semantic-detection-duration","id":"d27b56f0-e920-11ef-8ffd-017e48a03bc7"},{"tag":".id","id":"d27b56f0-e920-11ef-e1da-6577c0bffca4"}],"metaParams":{"format":"0.0000000",".source-precision":"7",".semantic-detection-duration":"2",".id":"c6606ea0-e920-11ef-8967-659ba8db2415"}},{"name":"1Cv","type":"double","id":"c66095b0-e920-11ef-cbe3-e91dfbd17943","friendlyName":"1 Cv","entityTags":[{"tag":"format","id":"d27b56f0-e920-11ef-9de3-2dfbbe9fc028"},{"tag":".source-precision","id":"d27b7e00-e920-11ef-83d9-b943e583735e"},{"tag":".semantic-detection-duration","id":"d27b7e00-e920-11ef-e062-2585c303f274"},{"tag":".id","id":"d27b7e00-e920-11ef-d810-e5b059b25296"}],"metaParams":{"format":"0.0000000",".source-precision":"7",".semantic-detection-duration":"2",".id":"c66095b0-e920-11ef-cbe3-e91dfbd17943"}},{"name":"Core_id","type":"string","id":"c66095b0-e920-11ef-cd14-0d900b6beaa3","friendlyName":"Core_id","entityTags":[{"tag":".semantic-detection-duration","id":"d27b7e00-e920-11ef-a249-27bebcaea2bc"},{"tag":".id","id":"d27ba510-e920-11ef-b19b-b11ee8b70572"}],"metaParams":{".semantic-detection-duration":"8",".id":"c66095b0-e920-11ef-cd14-0d900b6beaa3"}},{"name":"~smiles.Morgan","type":"byte_array","id":"c660bcc0-e920-11ef-a4da-39e5ace68381","friendlyName":"~smiles. Morgan","entityTags":[{"tag":".includeInCsvExport","id":"d27ba510-e920-11ef-9d87-536c118fbe98"},{"tag":".includeInBinaryExport","id":"d27ba510-e920-11ef-e8db-e70fcec246fb"},{"tag":".semantic-detection-duration","id":"d27bcc20-e920-11ef-c035-17a387128efb"},{"tag":".id","id":"d27bcc20-e920-11ef-bf15-5503446c1b9c"}],"metaParams":{".includeInCsvExport":"false",".includeInBinaryExport":"false",".semantic-detection-duration":"0",".id":"c660bcc0-e920-11ef-a4da-39e5ace68381"}},{"name":"Embed_X_1","type":"double","id":"c660e3d0-e920-11ef-93cb-451ac2b52281","friendlyName":"Embed_ X_1","entityTags":[{"tag":".semantic-detection-duration","id":"d27bcc20-e920-11ef-d7ba-cfaddbe49161"},{"tag":".id","id":"d27bcc20-e920-11ef-fc36-b73ffffa4171"}],"metaParams":{".semantic-detection-duration":"0",".id":"c660e3d0-e920-11ef-93cb-451ac2b52281"}},{"name":"Embed_Y_1","type":"double","id":"c660e3d0-e920-11ef-88c3-f55f08bdb868","friendlyName":"Embed_ Y_1","entityTags":[{"tag":".semantic-detection-duration","id":"d27bcc20-e920-11ef-8587-7df9d35f7115"},{"tag":".id","id":"d27bcc20-e920-11ef-b774-350952cea3ff"}],"metaParams":{".semantic-detection-duration":"0",".id":"c660e3d0-e920-11ef-88c3-f55f08bdb868"}},{"name":"sali__1","type":"double","id":"c6610ae0-e920-11ef-c2bf-832f01b5cef6","friendlyName":"Sali__1","entityTags":[{"tag":".semantic-detection-duration","id":"d27bcc20-e920-11ef-dd3f-953ebeee531b"},{"tag":".id","id":"d27bf330-e920-11ef-f35e-0d20b30a9f29"}],"metaParams":{".semantic-detection-duration":"0",".id":"c6610ae0-e920-11ef-c2bf-832f01b5cef6"}}]}