<?xml version="1.0" encoding="UTF-8"?>
<!DOCTYPE template>

<template>
  <protocol title="OLY-3_20211014_01" type="protocol" exp="grandparent" lock="off" id="tmpstudy" tooltext="OLY-3" expanded="true">
    <action   type="LIB"  status="Completed"  lock="on"  title="PROTON_01 "  exp="PROTON"  time=""  macro="return"  data="/home/vnmr1/vnmrsys/data/OLY-3_20211014_01/PROTON_01"  CPnode="PROTON_001"  tooltext="PROTON"  id="Sqn0006"  />
    <action   type="LIB"  status="Completed"  lock="on"  title="gCOSY_01 "  exp="gCOSY"  time=""  macro="return"  data="/home/vnmr1/vnmrsys/data/OLY-3_20211014_01/gCOSY_01"  CPnode="gCOSY_001"  tooltext="OLY-3_20211014_01"  id="Sqn0005"  />
    <action   type="LIB"  status="Completed"  lock="on"  title="ROESY_01 "  exp="ROESY"  time=""  macro="return"  data="/home/vnmr1/vnmrsys/data/OLY-3_20211014_01/ROESY_01"  CPnode="ROESY_001"  tooltext="OLY-3_20211014_01"  id="Sqn0004"  />
    <action   type="LIB"  status="Completed"  lock="on"  title="HSQCAD_01 "  exp="HSQCAD"  time=""  macro="return"  data="/home/vnmr1/vnmrsys/data/OLY-3_20211014_01/HSQCAD_01"  CPnode="HSQCAD_001"  tooltext="OLY-3_20211014_01"  id="Sqn0003"  />
    <action   type="LIB"  status="Completed"  lock="on"  title="gHMBCAD_01 "  exp="gHMBCAD"  time=""  macro="return"  data="/home/vnmr1/vnmrsys/data/OLY-3_20211014_01/gHMBCAD_01"  CPnode="gHMBCAD_001"  tooltext="OLY-3_20211014_01"  id="Sqn0002"  />
    <action   type="LIB"  status="Completed"  lock="on"  title="TOCSY_01 "  exp="TOCSY"  time=""  macro="return"  data="/home/vnmr1/vnmrsys/data/OLY-3_20211014_01/TOCSY_01"  CPnode="TOCSY_001"  tooltext="OLY-3_20211014_01"  id="Sqn0001"  />
  </protocol>
</template>
