{
    "#type": "CsvImportOptions",
    "id": "7d505220-e920-11ef-f9a3-af7b4e426dd2",
    "tags": {
        ".history": "timestamp, user, command, response\n2025-03-25T18:26:14.219,cb276bc0-6280-11ee-82f7-8dc8dd5df45b,\"Result = OpenFile(\"\"System:AppData/Chem/sar-small.csv\"\")\",\n2025-03-25T18:30:16.402,cb276bc0-6280-11ee-82f7-8dc8dd5df45b,\"Chem:rGroupDecomposition(Result, \"\"smiles\"\", \"\"[#8]=[#6]1-[#6]-[#7]=[#6](-[#6])-[#6]2:[#6](-[#7]-1):[#6]:[#6]:[#6]:[#6]:2\"\", \"\"R\"\", \"\"Greedy\"\")\",\n",
        ".script": "Result = OpenFile(\"System:AppData/Chem/sar-small.csv\")\nChem:rGroupDecomposition(Result, \"smiles\", \"[#8]=[#6]1-[#6]-[#7]=[#6](-[#6])-[#6]2:[#6](-[#7]-1):[#6]:[#6]:[#6]:[#6]:2\", \"R\", \"Greedy\")",
        ".orig.table.name": "sar-small",
        ".id": "7d505220-e920-11ef-f9a3-af7b4e426dd2"
    },
    "columnImportOptions": [
        {
            "name": "smiles",
            "type": "string",
            "semType": "Molecule",
            "id": "9955d2f0-e920-11ef-f3ae-0ff893ac03d6",
            "friendlyName": "Smiles",
            "entityTags": [
                {
                    "tag": "units",
                    "id": "aeaaf1d0-e920-11ef-830f-793e9befac4b"
                },
                {
                    "tag": "quality",
                    "id": "aeab18e0-e920-11ef-b97c-a1011a3c68f5"
                },
                {
                    "tag": "cell.renderer",
                    "id": "aeab18e0-e920-11ef-e4e3-375f118919eb"
                },
                {
                    "tag": ".semantic-detection-duration",
                    "id": "aeab18e0-e920-11ef-f38e-d355f7c48381"
                },
                {
                    "tag": ".id",
                    "id": "aeab18e0-e920-11ef-ecf9-c18dcad49516"
                }
            ],
            "metaParams": {
                "units": "smiles",
                "quality": "Molecule",
                "cell.renderer": "Molecule",
                ".semantic-detection-duration": "29",
                ".id": "9955d2f0-e920-11ef-f3ae-0ff893ac03d6"
            }
        },
        {
            "name": "Caco2",
            "type": "double",
            "id": "99566f30-e920-11ef-cd1a-cbfaafff96ae",
            "friendlyName": "Caco2",
            "entityTags": [
                {
                    "tag": "format",
                    "id": "aeab3ff0-e920-11ef-b493-fb45b78b4e30"
                },
                {
                    "tag": ".source-precision",
                    "id": "aeab3ff0-e920-11ef-f9d4-f9fe2c4e1688"
                },
                {
                    "tag": "description",
                    "id": "aeab3ff0-e920-11ef-80ed-e10047a66951"
                },
                {
                    "tag": "units",
                    "id": "aeab3ff0-e920-11ef-ab41-d5fbc6ec713e"
                },
                {
                    "tag": "group",
                    "id": "aeab6700-e920-11ef-d96e-2d55f0e4a7ba"
                },
                {
                    "tag": ".color-coding-type",
                    "id": "aeab6700-e920-11ef-f26c-3b0fa52a47d7"
                },
                {
                    "tag": ".color-coding-linear",
                    "id": "aeab6700-e920-11ef-881a-5555b8df9789"
                },
                {
                    "tag": ".color-coding-scheme-min",
                    "id": "aeab6700-e920-11ef-e64c-657dfad1e6bb"
                },
                {
                    "tag": ".color-coding-scheme-max",
                    "id": "aeab8e10-e920-11ef-a53b-8f9263bf2829"
                },
                {
                    "tag": ".semantic-detection-duration",
                    "id": "aeab8e10-e920-11ef-c164-1516579adcad"
                },
                {
                    "tag": ".id",
                    "id": "aeab8e10-e920-11ef-ad29-7f793fe7d0d5"
                }
            ],
            "metaParams": {
                "format": "0.000",
                ".source-precision": "16",
                "description": "It is a rate of compound flux across polarized human colon carcinoma Caco-2 cells layers, cm/s. High values indicate good permeability characteristics.",
                "units": "cm/s",
                "group": "Absorption",
                ".color-coding-type": "Linear",
                ".color-coding-linear": "[4292224808,4281114668]",
                ".color-coding-scheme-min": "-6",
                ".color-coding-scheme-max": "-5.5",
                ".semantic-detection-duration": "0",
                ".id": "99566f30-e920-11ef-cd1a-cbfaafff96ae"
            }
        },
        {
            "name": "Lipophilicity",
            "type": "double",
            "id": "9956e460-e920-11ef-8f18-21892cfac6d6",
            "friendlyName": "Lipophilicity",
            "entityTags": [
                {
                    "tag": "format",
                    "id": "aeabb520-e920-11ef-ca15-37f10347bd72"
                },
                {
                    "tag": ".source-precision",
                    "id": "aeabb520-e920-11ef-c715-bf2d1f401be6"
                },
                {
                    "tag": "description",
                    "id": "aeabb520-e920-11ef-b6ac-2d712a79cb26"
                },
                {
                    "tag": "units",
                    "id": "aeabb520-e920-11ef-a953-3d8a73b884dd"
                },
                {
                    "tag": "group",
                    "id": "aeabdc30-e920-11ef-82d3-9973e13897de"
                },
                {
                    "tag": ".color-coding-type",
                    "id": "aeabdc30-e920-11ef-96c8-09ae684bab72"
                },
                {
                    "tag": ".color-coding-linear",
                    "id": "aeabdc30-e920-11ef-b37d-3926219970a8"
                },
                {
                    "tag": ".color-coding-scheme-min",
                    "id": "aeabdc30-e920-11ef-93c1-49d4d6f802e7"
                },
                {
                    "tag": ".color-coding-scheme-max",
                    "id": "aeac0340-e920-11ef-bd99-ef3312ea9325"
                },
                {
                    "tag": ".semantic-detection-duration",
                    "id": "aeac0340-e920-11ef-e4df-0510700f7907"
                },
                {
                    "tag": ".id",
                    "id": "aeac0340-e920-11ef-f6ef-3b7d5223d544"
                }
            ],
            "metaParams": {
                "format": "0.000",
                ".source-precision": "16",
                "description": "This is a charachteristic of compound quatifying the distribution between lipophilic and hydrophiliv environments. High lipophilicity values  are good for the most of memranes permeability, though low values are related to achievment of therapeutical plasma concentrations. This characterestic is specific to analyzed problem.",
                "units": "log-ratio",
                "group": "Absorption",
                ".color-coding-type": "Linear",
                ".color-coding-linear": "[4292224808,4281114668]",
                ".color-coding-scheme-min": "0",
                ".color-coding-scheme-max": "5",
                ".semantic-detection-duration": "0",
                ".id": "9956e460-e920-11ef-8f18-21892cfac6d6"
            }
        },
        {
            "name": "Solubility",
            "type": "double",
            "id": "99573280-e920-11ef-cae3-fb71515d3e8f",
            "friendlyName": "Solubility",
            "entityTags": [
                {
                    "tag": "format",
                    "id": "aeac2a50-e920-11ef-cc89-4f46964c9b44"
                },
                {
                    "tag": ".source-precision",
                    "id": "aeac2a50-e920-11ef-e371-9955abd3b9eb"
                },
                {
                    "tag": "description",
                    "id": "aeac2a50-e920-11ef-845f-2b69e7954227"
                },
                {
                    "tag": "units",
                    "id": "aeac2a50-e920-11ef-87e6-cf01919a7b72"
                },
                {
                    "tag": "group",
                    "id": "aeac5160-e920-11ef-9c1c-1787dc161d51"
                },
                {
                    "tag": ".color-coding-type",
                    "id": "aeac5160-e920-11ef-c25e-d11b40887ef5"
                },
                {
                    "tag": ".color-coding-linear",
                    "id": "aeac5160-e920-11ef-c7fa-f1660b504366"
                },
                {
                    "tag": ".color-coding-scheme-min",
                    "id": "aeac5160-e920-11ef-e5ce-df7d12f8e23b"
                },
                {
                    "tag": ".color-coding-scheme-max",
                    "id": "aeac7870-e920-11ef-bcbf-7b0db93f0f36"
                },
                {
                    "tag": ".semantic-detection-duration",
                    "id": "aeac7870-e920-11ef-ad8d-775f3828e5a3"
                },
                {
                    "tag": ".id",
                    "id": "aeac7870-e920-11ef-c63b-69908a04a7f2"
                }
            ],
            "metaParams": {
                "format": "0.000",
                ".source-precision": "16",
                "description": "Indicates the fraction of compound that can be solved in water solution, e.g. plasma. This characterestic is specific to analyzed problem.",
                "units": "log mol/L",
                "group": "Absorption",
                ".color-coding-type": "Linear",
                ".color-coding-linear": "[4292224808,4281114668]",
                ".color-coding-scheme-min": "-4.5",
                ".color-coding-scheme-max": "-1",
                ".semantic-detection-duration": "0",
                ".id": "99573280-e920-11ef-cae3-fb71515d3e8f"
            }
        },
        {
            "name": "PPBR",
            "type": "double",
            "id": "995780a0-e920-11ef-b039-f7761cd33a25",
            "friendlyName": "PPBR",
            "entityTags": [
                {
                    "tag": "format",
                    "id": "aeac7870-e920-11ef-f1d1-ad0dd9501999"
                },
                {
                    "tag": ".source-precision",
                    "id": "aeac9f80-e920-11ef-bafa-8346a4c3b503"
                },
                {
                    "tag": "description",
                    "id": "aeac9f80-e920-11ef-c1a7-a9a0b046f65c"
                },
                {
                    "tag": "units",
                    "id": "aeac9f80-e920-11ef-a816-41d71554a148"
                },
                {
                    "tag": "group",
                    "id": "aeac9f80-e920-11ef-d9ff-ff34b3b71fe9"
                },
                {
                    "tag": ".color-coding-type",
                    "id": "aeacc690-e920-11ef-837a-4d846fedefdb"
                },
                {
                    "tag": ".color-coding-conditional",
                    "id": "aeacc690-e920-11ef-ce59-abde90eadf8d"
                },
                {
                    "tag": ".semantic-detection-duration",
                    "id": "aeacc690-e920-11ef-e2fa-b531e483b1ec"
                },
                {
                    "tag": ".id",
                    "id": "aeacc690-e920-11ef-a275-531f87739b13"
                }
            ],
            "metaParams": {
                "format": "0.000",
                ".source-precision": "14",
                "description": "This value stands for plasma protein binding. PPB strongly influences drug behavior as only free drug is able to penetrate mebranes. Low values indicate good permeability characteristics.",
                "units": "%",
                "group": "Distribution",
                ".color-coding-type": "Conditional",
                ".color-coding-conditional": "{\"> 90\":\"#1f77b4\",\"40 - 90\":\"#8c564b\",\"< 40\":\"#bcbd22\"}",
                ".semantic-detection-duration": "0",
                ".id": "995780a0-e920-11ef-b039-f7761cd33a25"
            }
        },
        {
            "name": "VDss",
            "type": "double",
            "id": "9957a7b0-e920-11ef-8c15-877b00ad4748",
            "friendlyName": "V Dss",
            "entityTags": [
                {
                    "tag": "format",
                    "id": "aeaceda0-e920-11ef-dd0d-abf05e2c85a6"
                },
                {
                    "tag": ".source-precision",
                    "id": "aeaceda0-e920-11ef-b0d7-2face4872477"
                },
                {
                    "tag": "description",
                    "id": "aeaceda0-e920-11ef-8771-5dd5f146fa24"
                },
                {
                    "tag": "units",
                    "id": "aead14b0-e920-11ef-e6ad-8315437543fb"
                },
                {
                    "tag": "group",
                    "id": "aead14b0-e920-11ef-aa0b-5f44ae19a884"
                },
                {
                    "tag": ".color-coding-type",
                    "id": "aead14b0-e920-11ef-9024-018c0aeec9f1"
                },
                {
                    "tag": ".color-coding-conditional",
                    "id": "aead14b0-e920-11ef-d66d-d303e0fe8dcb"
                },
                {
                    "tag": ".semantic-detection-duration",
                    "id": "aead3bc0-e920-11ef-8719-f768e0b43f24"
                },
                {
                    "tag": ".id",
                    "id": "aead3bc0-e920-11ef-dc33-754db2b599ec"
                }
            ],
            "metaParams": {
                "format": "0.000",
                ".source-precision": "16",
                "description": "Volume of distribution (L) is a pharmacokinetic parameter representing the ability of drug to remain in plasma or redistribute to other tissues. High VD has a propensity to leave the plasma to other tissues, low VD indicates the ability of drug to achieve desired concentration at lower doses.",
                "units": "L/kg",
                "group": "Distribution",
                ".color-coding-type": "Conditional",
                ".color-coding-conditional": "{\"> 2\":\"#1f77b4\",\"1 - 2\":\"#8c564b\",\"< 1\":\"#bcbd22\"}",
                ".semantic-detection-duration": "0",
                ".id": "9957a7b0-e920-11ef-8c15-877b00ad4748"
            }
        },
        {
            "name": "CYP1A2-Inhibitor",
            "type": "double",
            "id": "9957f5d0-e920-11ef-b640-b9839f3fcd58",
            "friendlyName": "CY P1 A2- Inhibitor",
            "entityTags": [
                {
                    "tag": "format",
                    "id": "aead3bc0-e920-11ef-f273-afa3a4cb8816"
                },
                {
                    "tag": ".source-precision",
                    "id": "aead3bc0-e920-11ef-a48e-e9990e9ac415"
                },
                {
                    "tag": "description",
                    "id": "aead3bc0-e920-11ef-a117-99a778670575"
                },
                {
                    "tag": "units",
                    "id": "aead62d0-e920-11ef-ff4b-814630f63b79"
                },
                {
                    "tag": "group",
                    "id": "aead62d0-e920-11ef-e831-1d91a25112f7"
                },
                {
                    "tag": ".color-coding-type",
                    "id": "aead62d0-e920-11ef-b677-23ebbe8d9a85"
                },
                {
                    "tag": ".color-coding-linear",
                    "id": "aead62d0-e920-11ef-c348-d786c542ffea"
                },
                {
                    "tag": ".color-coding-scheme-min",
                    "id": "aead62d0-e920-11ef-803e-11904184e2d2"
                },
                {
                    "tag": ".color-coding-scheme-max",
                    "id": "aead89e0-e920-11ef-8928-2127dd9904a9"
                },
                {
                    "tag": ".semantic-detection-duration",
                    "id": "aead89e0-e920-11ef-90ee-512a5eefd403"
                },
                {
                    "tag": ".id",
                    "id": "aead89e0-e920-11ef-c7b2-ad6eea21ccaf"
                }
            ],
            "metaParams": {
                "format": "0.000",
                ".source-precision": "16",
                "description": "A probability of being an inhibitor of cytochrome CYP1A2 which catalyzes drug metabolism. Inhibiting CYP1A2 could be both a desired and undesired property depending on drug development goals: elongation/reduction of drug effect, drug-drug interactions etc.",
                "units": "-",
                "group": "Metabolism",
                ".color-coding-type": "Linear",
                ".color-coding-linear": "[4292224808,4281114668]",
                ".color-coding-scheme-min": "0",
                ".color-coding-scheme-max": "1",
                ".semantic-detection-duration": "0",
                ".id": "9957f5d0-e920-11ef-b640-b9839f3fcd58"
            }
        },
        {
            "name": "CYP2C19-Inhibitor",
            "type": "double",
            "id": "995843f0-e920-11ef-b812-7f850cdbfcd3",
            "friendlyName": "CY P2 C19- Inhibitor",
            "entityTags": [
                {
                    "tag": "format",
                    "id": "aead89e0-e920-11ef-ad01-b11672c66a2a"
                },
                {
                    "tag": ".source-precision",
                    "id": "aead89e0-e920-11ef-b726-c13532c3f53d"
                },
                {
                    "tag": "description",
                    "id": "aeadb0f0-e920-11ef-ed94-5f28258556b7"
                },
                {
                    "tag": "units",
                    "id": "aeadb0f0-e920-11ef-b0f6-4dfbcb8c7fec"
                },
                {
                    "tag": "group",
                    "id": "aeadb0f0-e920-11ef-851d-f3bc014a0a5e"
                },
                {
                    "tag": ".color-coding-type",
                    "id": "aeadb0f0-e920-11ef-849b-1be13862cf82"
                },
                {
                    "tag": ".color-coding-linear",
                    "id": "aeadd800-e920-11ef-dfc8-afa8551de00b"
                },
                {
                    "tag": ".color-coding-scheme-min",
                    "id": "aeadd800-e920-11ef-f107-93e79a372975"
                },
                {
                    "tag": ".color-coding-scheme-max",
                    "id": "aeadd800-e920-11ef-8e19-cbaddcf69b0c"
                },
                {
                    "tag": ".semantic-detection-duration",
                    "id": "aeadd800-e920-11ef-85af-5ffb80b25db1"
                },
                {
                    "tag": ".id",
                    "id": "aeadd800-e920-11ef-93a8-ed7c19f70a5a"
                }
            ],
            "metaParams": {
                "format": "0.000",
                ".source-precision": "16",
                "description": "A probability of being an inhibitor of cytochrome CYP2C19 which catalyzes drug metabolism. Inhibiting CYP2C19 could be both a desired and undesired property depending on drug development goals: elongation/reduction of drug effect, drug-drug interactions etc.",
                "units": "-",
                "group": "Metabolism",
                ".color-coding-type": "Linear",
                ".color-coding-linear": "[4292224808,4281114668]",
                ".color-coding-scheme-min": "0",
                ".color-coding-scheme-max": "1",
                ".semantic-detection-duration": "0",
                ".id": "995843f0-e920-11ef-b812-7f850cdbfcd3"
            }
        },
        {
            "name": "CYP2C9-Inhibitor",
            "type": "double",
            "id": "99586b00-e920-11ef-dd61-75208333ee44",
            "friendlyName": "CY P2 C9- Inhibitor",
            "entityTags": [
                {
                    "tag": "format",
                    "id": "aeadff10-e920-11ef-8fd8-05ba3ddee27e"
                },
                {
                    "tag": ".source-precision",
                    "id": "aeadff10-e920-11ef-a9ac-69f3561fc92b"
                },
                {
                    "tag": "description",
                    "id": "aeadff10-e920-11ef-a657-cb8b73a2ec92"
                },
                {
                    "tag": "units",
                    "id": "aeadff10-e920-11ef-800b-69ac256f2781"
                },
                {
                    "tag": "group",
                    "id": "aeae2620-e920-11ef-819d-15b86f7526eb"
                },
                {
                    "tag": ".color-coding-type",
                    "id": "aeae2620-e920-11ef-c6af-a961da7baf3a"
                },
                {
                    "tag": ".color-coding-linear",
                    "id": "aeae2620-e920-11ef-84c6-77ac422149ec"
                },
                {
                    "tag": ".color-coding-scheme-min",
                    "id": "aeae2620-e920-11ef-a856-7d017f311936"
                },
                {
                    "tag": ".color-coding-scheme-max",
                    "id": "aeae4d30-e920-11ef-fa8b-33b95be1db9d"
                },
                {
                    "tag": ".semantic-detection-duration",
                    "id": "aeae4d30-e920-11ef-df40-53abbd22197a"
                },
                {
                    "tag": ".id",
                    "id": "aeae4d30-e920-11ef-b1c2-9183f5a98501"
                }
            ],
            "metaParams": {
                "format": "0.000",
                ".source-precision": "16",
                "description": "A probability of being an inhibitor of cytochrome CYP2C9 which catalyzes drug metabolism. Inhibiting CYP2C9 could be both a desired and undesired property depending on drug development goals: elongation/reduction of drug effect, drug-drug interactions etc.",
                "units": "-",
                "group": "Metabolism",
                ".color-coding-type": "Linear",
                ".color-coding-linear": "[4292224808,4281114668]",
                ".color-coding-scheme-min": "0",
                ".color-coding-scheme-max": "1",
                ".semantic-detection-duration": "0",
                ".id": "99586b00-e920-11ef-dd61-75208333ee44"
            }
        },
        {
            "name": "CYP2C9-Substrate",
            "type": "double",
            "id": "9958b920-e920-11ef-cc44-a34cb53f8397",
            "friendlyName": "CY P2 C9- Substrate",
            "entityTags": [
                {
                    "tag": "format",
                    "id": "aeae4d30-e920-11ef-94e7-8b8509bdea78"
                },
                {
                    "tag": ".source-precision",
                    "id": "aeae4d30-e920-11ef-e52b-f5cd43892716"
                },
                {
                    "tag": "description",
                    "id": "aeae7440-e920-11ef-b4e0-6f66f0da800a"
                },
                {
                    "tag": "units",
                    "id": "aeae7440-e920-11ef-e8b1-3dace225e38a"
                },
                {
                    "tag": "group",
                    "id": "aeae7440-e920-11ef-8b04-677004a1a13f"
                },
                {
                    "tag": ".color-coding-type",
                    "id": "aeae7440-e920-11ef-ba10-4bf5014ccb2a"
                },
                {
                    "tag": ".color-coding-linear",
                    "id": "aeae7440-e920-11ef-c613-3d6d2915377b"
                },
                {
                    "tag": ".color-coding-scheme-min",
                    "id": "aeae9b50-e920-11ef-fdd4-096857519261"
                },
                {
                    "tag": ".color-coding-scheme-max",
                    "id": "aeae9b50-e920-11ef-d40b-759498b75991"
                },
                {
                    "tag": ".semantic-detection-duration",
                    "id": "aeae9b50-e920-11ef-f145-ebec7ff76a56"
                },
                {
                    "tag": ".id",
                    "id": "aeae9b50-e920-11ef-cba8-7d174857936b"
                }
            ],
            "metaParams": {
                "format": "0.000",
                ".source-precision": "13",
                "description": "A probability of being an inhibitor of substrate CYP2C9 which catalyzes drug metabolism. Binding CYP2C9 could be both a desired and undesired property depending on drug development goals: elongation/reduction of drug effect, drug-drug interactions etc.",
                "units": "-",
                "group": "Metabolism",
                ".color-coding-type": "Linear",
                ".color-coding-linear": "[4292224808,4281114668]",
                ".color-coding-scheme-min": "0",
                ".color-coding-scheme-max": "1",
                ".semantic-detection-duration": "0",
                ".id": "9958b920-e920-11ef-cc44-a34cb53f8397"
            }
        },
        {
            "name": "CYP2D6-Inhibitor",
            "type": "double",
            "id": "99590740-e920-11ef-db0e-b3a8060b7a4e",
            "friendlyName": "CY P2 D6- Inhibitor",
            "entityTags": [
                {
                    "tag": "format",
                    "id": "aeae9b50-e920-11ef-fcb7-99a554b80a7f"
                },
                {
                    "tag": ".source-precision",
                    "id": "aeaec260-e920-11ef-d7da-8f9945f7407b"
                },
                {
                    "tag": "description",
                    "id": "aeaec260-e920-11ef-dfb0-eb540bdee779"
                },
                {
                    "tag": "units",
                    "id": "aeaec260-e920-11ef-d579-596ec0042c60"
                },
                {
                    "tag": "group",
                    "id": "aeaec260-e920-11ef-b3b6-e1e042dd4f88"
                },
                {
                    "tag": ".color-coding-type",
                    "id": "aeaec260-e920-11ef-f79e-5760cf0b2402"
                },
                {
                    "tag": ".color-coding-linear",
                    "id": "aeaec260-e920-11ef-f77a-7b9fa044c059"
                },
                {
                    "tag": ".color-coding-scheme-min",
                    "id": "aeaee970-e920-11ef-dd35-a52cedd7f980"
                },
                {
                    "tag": ".color-coding-scheme-max",
                    "id": "aeaee970-e920-11ef-9b84-a94b61edc5c0"
                },
                {
                    "tag": ".semantic-detection-duration",
                    "id": "aeaee970-e920-11ef-ca6d-cd6f21bad2fe"
                },
                {
                    "tag": ".id",
                    "id": "aeaee970-e920-11ef-8886-310a0ca12a4e"
                }
            ],
            "metaParams": {
                "format": "0.000",
                ".source-precision": "16",
                "description": "A probability of being an inhibitor of cytochrome CYP2D6 which catalyzes drug metabolism. Inhibiting CYP2D6 could be both a desired and undesired property depending on drug development goals: elongation/reduction of drug effect, drug-drug interactions etc.",
                "units": "-",
                "group": "Metabolism",
                ".color-coding-type": "Linear",
                ".color-coding-linear": "[4292224808,4281114668]",
                ".color-coding-scheme-min": "0",
                ".color-coding-scheme-max": "1",
                ".semantic-detection-duration": "0",
                ".id": "99590740-e920-11ef-db0e-b3a8060b7a4e"
            }
        },
        {
            "name": "CYP2D6-Substrate",
            "type": "double",
            "id": "99592e50-e920-11ef-80ce-31052a1348fd",
            "friendlyName": "CY P2 D6- Substrate",
            "entityTags": [
                {
                    "tag": "format",
                    "id": "aeaee970-e920-11ef-9438-bd06268028df"
                },
                {
                    "tag": ".source-precision",
                    "id": "aeaee970-e920-11ef-bf23-3509e4d104d3"
                },
                {
                    "tag": "description",
                    "id": "aeaf1080-e920-11ef-85eb-89ebd8ae868a"
                },
                {
                    "tag": "units",
                    "id": "aeaf1080-e920-11ef-adf7-e56c63b26483"
                },
                {
                    "tag": "group",
                    "id": "aeaf1080-e920-11ef-ad3d-cdf2f255de7a"
                },
                {
                    "tag": ".color-coding-type",
                    "id": "aeaf1080-e920-11ef-e448-738a812f7031"
                },
                {
                    "tag": ".color-coding-linear",
                    "id": "aeaf1080-e920-11ef-ae05-c56ed0a0f710"
                },
                {
                    "tag": ".color-coding-scheme-min",
                    "id": "aeaf3790-e920-11ef-a4fc-414269bc5812"
                },
                {
                    "tag": ".color-coding-scheme-max",
                    "id": "aeaf3790-e920-11ef-cc5b-b7fa1dbf4f02"
                },
                {
                    "tag": ".semantic-detection-duration",
                    "id": "aeaf3790-e920-11ef-d3a1-c519a97cf23e"
                },
                {
                    "tag": ".id",
                    "id": "aeaf3790-e920-11ef-b585-299438007d64"
                }
            ],
            "metaParams": {
                "format": "0.000",
                ".source-precision": "16",
                "description": "A probability of being an inhibitor of substrate CYP2D6 which catalyzes drug metabolism. Binding CYP2D6 could be both a desired and undesired property depending on drug development goals: elongation/reduction of drug effect, drug-drug interactions etc.",
                "units": "-",
                "group": "Metabolism",
                ".color-coding-type": "Linear",
                ".color-coding-linear": "[4292224808,4281114668]",
                ".color-coding-scheme-min": "0",
                ".color-coding-scheme-max": "1",
                ".semantic-detection-duration": "0",
                ".id": "99592e50-e920-11ef-80ce-31052a1348fd"
            }
        },
        {
            "name": "CL-Hepa",
            "type": "double",
            "id": "99597c70-e920-11ef-9875-f555cfe8d2dc",
            "friendlyName": "C L- Hepa",
            "entityTags": [
                {
                    "tag": "format",
                    "id": "aeaf3790-e920-11ef-d746-1b99071f350f"
                },
                {
                    "tag": ".source-precision",
                    "id": "aeaf3790-e920-11ef-965f-a1d340b9ad3c"
                },
                {
                    "tag": "description",
                    "id": "aeaf5ea0-e920-11ef-d165-0f679c100304"
                },
                {
                    "tag": "units",
                    "id": "aeaf5ea0-e920-11ef-967a-95143268f174"
                },
                {
                    "tag": "group",
                    "id": "aeaf5ea0-e920-11ef-b269-ad4c843318c3"
                },
                {
                    "tag": ".color-coding-type",
                    "id": "aeaf5ea0-e920-11ef-bc2c-b3c2f567bec5"
                },
                {
                    "tag": ".color-coding-linear",
                    "id": "aeaf5ea0-e920-11ef-a8bd-415099109151"
                },
                {
                    "tag": ".color-coding-scheme-min",
                    "id": "aeaf5ea0-e920-11ef-b28e-c755006f0dfc"
                },
                {
                    "tag": ".color-coding-scheme-max",
                    "id": "aeaf85b0-e920-11ef-aad7-a301a8b5b4fa"
                },
                {
                    "tag": ".semantic-detection-duration",
                    "id": "aeaf85b0-e920-11ef-a970-25514164bab5"
                },
                {
                    "tag": ".id",
                    "id": "aeaf85b0-e920-11ef-ce44-57323a7cf6a5"
                }
            ],
            "metaParams": {
                "format": "0.000",
                ".source-precision": "16",
                "description": "Estimate for a hepatocyte clearance is excretion characteristic which contributes to  pojection of dose and drug exposure. This characterestic is specific to analyzed problem.",
                "units": "mL/min",
                "group": "Excretion",
                ".color-coding-type": "Linear",
                ".color-coding-linear": "[4281114668,4292224808]",
                ".color-coding-scheme-min": "10",
                ".color-coding-scheme-max": "100",
                ".semantic-detection-duration": "0",
                ".id": "99597c70-e920-11ef-9875-f555cfe8d2dc"
            }
        },
        {
            "name": "CL-Micro",
            "type": "double",
            "id": "9959ca90-e920-11ef-b98b-75f45ca9a7e6",
            "friendlyName": "C L- Micro",
            "entityTags": [
                {
                    "tag": "format",
                    "id": "aeaf85b0-e920-11ef-835f-75c46465b407"
                },
                {
                    "tag": ".source-precision",
                    "id": "aeaf85b0-e920-11ef-ab51-e96b92542125"
                },
                {
                    "tag": "description",
                    "id": "aeafacc0-e920-11ef-8861-899f0db30d80"
                },
                {
                    "tag": "units",
                    "id": "aeafacc0-e920-11ef-ce5d-394b04fa5c36"
                },
                {
                    "tag": "group",
                    "id": "aeafacc0-e920-11ef-e918-292b229f4def"
                },
                {
                    "tag": ".color-coding-type",
                    "id": "aeafacc0-e920-11ef-bb71-fb16bac5123c"
                },
                {
                    "tag": ".color-coding-linear",
                    "id": "aeafacc0-e920-11ef-c1b6-db7632459509"
                },
                {
                    "tag": ".color-coding-scheme-min",
                    "id": "aeafacc0-e920-11ef-e8de-b758f58a70a5"
                },
                {
                    "tag": ".color-coding-scheme-max",
                    "id": "aeafd3d0-e920-11ef-fc6e-e74c27cd651d"
                },
                {
                    "tag": ".semantic-detection-duration",
                    "id": "aeafd3d0-e920-11ef-f8a5-6badf13e78e2"
                },
                {
                    "tag": ".id",
                    "id": "aeafd3d0-e920-11ef-a555-b907299b6723"
                }
            ],
            "metaParams": {
                "format": "0.000",
                ".source-precision": "16",
                "description": "Estimates intrinsic clearance which is related ro compound's metabolic stability. This characterestic is specific to analyzed problem.",
                "units": "μL/min/million",
                "group": "Excretion",
                ".color-coding-type": "Linear",
                ".color-coding-linear": "[4281114668,4292224808]",
                ".color-coding-scheme-min": "10",
                ".color-coding-scheme-max": "100",
                ".semantic-detection-duration": "0",
                ".id": "9959ca90-e920-11ef-b98b-75f45ca9a7e6"
            }
        },
        {
            "name": "Half-Life",
            "type": "double",
            "id": "995a18b0-e920-11ef-82cd-55ba93f33382",
            "friendlyName": "Half- Life",
            "entityTags": [
                {
                    "tag": "format",
                    "id": "aeafd3d0-e920-11ef-de6d-df2fc5caf9d2"
                },
                {
                    "tag": ".source-precision",
                    "id": "aeafd3d0-e920-11ef-be1e-95a3ab03b036"
                },
                {
                    "tag": "description",
                    "id": "aeafd3d0-e920-11ef-a5dc-937bae5e4210"
                },
                {
                    "tag": "units",
                    "id": "aeaffae0-e920-11ef-d505-33e701d4529f"
                },
                {
                    "tag": "group",
                    "id": "aeaffae0-e920-11ef-d94a-0f7985ae7a85"
                },
                {
                    "tag": ".color-coding-type",
                    "id": "aeaffae0-e920-11ef-eaa9-138b4702620a"
                },
                {
                    "tag": ".color-coding-linear",
                    "id": "aeaffae0-e920-11ef-99e4-6fb93297f8bd"
                },
                {
                    "tag": ".color-coding-scheme-min",
                    "id": "aeaffae0-e920-11ef-ee8c-c5a1e285fb15"
                },
                {
                    "tag": ".color-coding-scheme-max",
                    "id": "aeaffae0-e920-11ef-ee50-f35d3fa795f2"
                },
                {
                    "tag": ".semantic-detection-duration",
                    "id": "aeb021f0-e920-11ef-c051-c7f2f512d094"
                },
                {
                    "tag": ".id",
                    "id": "aeb021f0-e920-11ef-a371-bda3a4787019"
                }
            ],
            "metaParams": {
                "format": "0.000",
                ".source-precision": "15",
                "description": "This estimates metabolic half-time of the drug or the time when concentration drops by half. This characterestic is specific to analyzed problem.",
                "units": "hours",
                "group": "Excretion",
                ".color-coding-type": "Linear",
                ".color-coding-linear": "[4279746255,4287915965]",
                ".color-coding-scheme-min": "2",
                ".color-coding-scheme-max": "24",
                ".semantic-detection-duration": "0",
                ".id": "995a18b0-e920-11ef-82cd-55ba93f33382"
            }
        },
        {
            "name": "hERG",
            "type": "double",
            "id": "995adc00-e920-11ef-bcd2-7d9169b6a69b",
            "friendlyName": "H ERG",
            "entityTags": [
                {
                    "tag": "format",
                    "id": "aeb021f0-e920-11ef-df97-73f3a8f9b73f"
                },
                {
                    "tag": ".source-precision",
                    "id": "aeb021f0-e920-11ef-8867-43a0ab589186"
                },
                {
                    "tag": "description",
                    "id": "aeb021f0-e920-11ef-d500-032eedf22864"
                },
                {
                    "tag": "units",
                    "id": "aeb021f0-e920-11ef-a125-b3d11700c04b"
                },
                {
                    "tag": "group",
                    "id": "aeb04900-e920-11ef-b924-75755ec2d358"
                },
                {
                    "tag": ".color-coding-type",
                    "id": "aeb04900-e920-11ef-882a-0f118495e78f"
                },
                {
                    "tag": ".color-coding-linear",
                    "id": "aeb04900-e920-11ef-9c15-1d596aaac7ac"
                },
                {
                    "tag": ".color-coding-scheme-min",
                    "id": "aeb04900-e920-11ef-d424-db95bb1c7a41"
                },
                {
                    "tag": ".color-coding-scheme-max",
                    "id": "aeb04900-e920-11ef-c63b-f1c2eec60e79"
                },
                {
                    "tag": ".semantic-detection-duration",
                    "id": "aeb04900-e920-11ef-e61e-5fc90f713c54"
                },
                {
                    "tag": ".id",
                    "id": "aeb04900-e920-11ef-82f6-dbaa7af9479a"
                }
            ],
            "metaParams": {
                "format": "0.000",
                ".source-precision": "16",
                "description": "Inhibition of the hERG (human Ether-à-go-go-Related Gene) current causes QT interval prolongation and lead to life threatening arrhythmia. Inhibition of hERG is considered as precaution.",
                "units": "-",
                "group": "Toxicity",
                ".color-coding-type": "Linear",
                ".color-coding-linear": "[4281114668,4292224808]",
                ".color-coding-scheme-min": "0",
                ".color-coding-scheme-max": "1",
                ".semantic-detection-duration": "0",
                ".id": "995adc00-e920-11ef-bcd2-7d9169b6a69b"
            }
        },
        {
            "name": "LD50",
            "type": "double",
            "id": "995b0310-e920-11ef-e657-5987fc33bc1d",
            "friendlyName": "LD50",
            "entityTags": [
                {
                    "tag": "format",
                    "id": "aeb07010-e920-11ef-e506-1b73d674d204"
                },
                {
                    "tag": ".source-precision",
                    "id": "aeb07010-e920-11ef-906b-9b6e6614e74e"
                },
                {
                    "tag": "description",
                    "id": "aeb07010-e920-11ef-91d2-f77fdc4bc269"
                },
                {
                    "tag": "units",
                    "id": "aeb07010-e920-11ef-c42e-6d6455ca183a"
                },
                {
                    "tag": "group",
                    "id": "aeb07010-e920-11ef-cc42-3f7b3e188cba"
                },
                {
                    "tag": ".color-coding-type",
                    "id": "aeb09720-e920-11ef-dcc4-2fc90be9e3cc"
                },
                {
                    "tag": ".color-coding-conditional",
                    "id": "aeb09720-e920-11ef-e4a7-d5eda1573178"
                },
                {
                    "tag": ".semantic-detection-duration",
                    "id": "aeb09720-e920-11ef-dc14-67c64c394887"
                },
                {
                    "tag": ".id",
                    "id": "aeb09720-e920-11ef-aa89-17c6c27050f8"
                }
            ],
            "metaParams": {
                "format": "0.000",
                ".source-precision": "16",
                "description": "Median lethal dose of a substance is the dose required to kill half the members of a tested population after a specified test duration which is a common characteristic of accute toxicity. It is usually classifies substances to 6 toxicological classes - I - most hazardous, VI - most safe.",
                "units": "mg/kg",
                "group": "Toxicity",
                ".color-coding-type": "Conditional",
                ".color-coding-conditional": "{\"<= 5\":\"#d62728\",\"5 - 50\":\"#ff9896\",\"50 - 300\":\"#ffbb78\",\"300 - 2000\":\"#bcbd22\",\"2000 - 5000\":\"#98df8a\",\"> 5000\":\"#2ca02c\"}",
                ".semantic-detection-duration": "0",
                ".id": "995b0310-e920-11ef-e657-5987fc33bc1d"
            }
        },
        {
            "name": "Core",
            "type": "string",
            "semType": "Molecule",
            "id": "995b2a20-e920-11ef-e8f3-d797bf28f208",
            "friendlyName": "Core",
            "entityTags": [
                {
                    "tag": "quality",
                    "id": "aeb09720-e920-11ef-e3e0-557d74f6e402"
                },
                {
                    "tag": "units",
                    "id": "aeb09720-e920-11ef-94ca-4fcabc5c88c7"
                },
                {
                    "tag": ".semantic-detection-duration",
                    "id": "aeb0be30-e920-11ef-e04b-099410dce3fe"
                },
                {
                    "tag": "cell.renderer",
                    "id": "aeb0be30-e920-11ef-b76b-9795aba845a6"
                },
                {
                    "tag": ".id",
                    "id": "aeb0be30-e920-11ef-b801-af5c3c2f6f1d"
                }
            ],
            "metaParams": {
                "quality": "Molecule",
                "units": "molblock",
                ".semantic-detection-duration": "0",
                "cell.renderer": "Molecule",
                ".id": "995b2a20-e920-11ef-e8f3-d797bf28f208"
            }
        },
        {
            "name": "R1",
            "type": "string",
            "semType": "Molecule",
            "id": "995b5130-e920-11ef-fd11-3de599b15239",
            "friendlyName": "R1",
            "entityTags": [
                {
                    "tag": "quality",
                    "id": "aeb0be30-e920-11ef-d4f9-c78d2c57922f"
                },
                {
                    "tag": "units",
                    "id": "aeb0be30-e920-11ef-da8d-5fd3a9577095"
                },
                {
                    "tag": ".semantic-detection-duration",
                    "id": "aeb0e540-e920-11ef-d963-c1f8c62e7827"
                },
                {
                    "tag": "cell.renderer",
                    "id": "aeb0e540-e920-11ef-bf31-83561e9f7a67"
                },
                {
                    "tag": ".id",
                    "id": "aeb0e540-e920-11ef-fcf3-eb9d737224e5"
                }
            ],
            "metaParams": {
                "quality": "Molecule",
                "units": "molblock",
                ".semantic-detection-duration": "0",
                "cell.renderer": "Molecule",
                ".id": "995b5130-e920-11ef-fd11-3de599b15239"
            }
        },
        {
            "name": "R2",
            "type": "string",
            "semType": "Molecule",
            "id": "995b7840-e920-11ef-d6e7-2565c4f54e7e",
            "friendlyName": "R2",
            "entityTags": [
                {
                    "tag": "quality",
                    "id": "aeb0e540-e920-11ef-9873-3b619d7818bd"
                },
                {
                    "tag": "units",
                    "id": "aeb0e540-e920-11ef-a3c2-4583cb17212e"
                },
                {
                    "tag": ".semantic-detection-duration",
                    "id": "aeb0e540-e920-11ef-d16c-39baccba0a2a"
                },
                {
                    "tag": "cell.renderer",
                    "id": "aeb0e540-e920-11ef-eb71-31e4d8f73c24"
                },
                {
                    "tag": ".id",
                    "id": "aeb10c50-e920-11ef-9619-951cf2613ee5"
                }
            ],
            "metaParams": {
                "quality": "Molecule",
                "units": "molblock",
                ".semantic-detection-duration": "0",
                "cell.renderer": "Molecule",
                ".id": "995b7840-e920-11ef-d6e7-2565c4f54e7e"
            }
        },
        {
            "name": "R3",
            "type": "string",
            "semType": "Molecule",
            "id": "995b9f50-e920-11ef-c203-3d844c1cab47",
            "friendlyName": "R3",
            "entityTags": [
                {
                    "tag": "quality",
                    "id": "aeb10c50-e920-11ef-e492-bd136457e9c1"
                },
                {
                    "tag": "units",
                    "id": "aeb10c50-e920-11ef-b707-ad4be78e2c31"
                },
                {
                    "tag": ".semantic-detection-duration",
                    "id": "aeb10c50-e920-11ef-c663-c3c11ca7cb5a"
                },
                {
                    "tag": "cell.renderer",
                    "id": "aeb10c50-e920-11ef-c9f6-b55ea491e46b"
                },
                {
                    "tag": ".id",
                    "id": "aeb10c50-e920-11ef-a1f7-593673577d07"
                }
            ],
            "metaParams": {
                "quality": "Molecule",
                "units": "molblock",
                ".semantic-detection-duration": "0",
                "cell.renderer": "Molecule",
                ".id": "995b9f50-e920-11ef-c203-3d844c1cab47"
            }
        },
        {
            "name": "R4",
            "type": "string",
            "semType": "Molecule",
            "id": "995bc660-e920-11ef-c843-a740ea819015",
            "friendlyName": "R4",
            "entityTags": [
                {
                    "tag": "quality",
                    "id": "aeb13360-e920-11ef-f8d8-c728d9a495a5"
                },
                {
                    "tag": "units",
                    "id": "aeb13360-e920-11ef-bbd1-07d1c67e00be"
                },
                {
                    "tag": ".semantic-detection-duration",
                    "id": "aeb13360-e920-11ef-a61c-4bbd1451caf8"
                },
                {
                    "tag": "cell.renderer",
                    "id": "aeb13360-e920-11ef-910a-6b45e8895af1"
                },
                {
                    "tag": ".id",
                    "id": "aeb13360-e920-11ef-ae86-4b4712c30a81"
                }
            ],
            "metaParams": {
                "quality": "Molecule",
                "units": "molblock",
                ".semantic-detection-duration": "0",
                "cell.renderer": "Molecule",
                ".id": "995bc660-e920-11ef-c843-a740ea819015"
            }
        },
        {
            "name": "isMatch",
            "type": "bool",
            "id": "995c1480-e920-11ef-edd7-494c345b2af1",
            "friendlyName": "Is Match",
            "entityTags": [
                {
                    "tag": ".semantic-detection-duration",
                    "id": "aeb15a70-e920-11ef-e38e-c7f9bba25d79"
                },
                {
                    "tag": ".id",
                    "id": "aeb15a70-e920-11ef-d617-7b87315e43f4"
                }
            ],
            "metaParams": {
                ".semantic-detection-duration": "0",
                ".id": "995c1480-e920-11ef-edd7-494c345b2af1"
            }
        },
        {
            "name": "MolWt",
            "type": "double",
            "id": "995c1480-e920-11ef-a3b8-152bc4329f77",
            "friendlyName": "Mol Wt",
            "entityTags": [
                {
                    "tag": ".semantic-detection-duration",
                    "id": "aeb15a70-e920-11ef-fc8f-659f864dc28b"
                },
                {
                    "tag": ".id",
                    "id": "aeb15a70-e920-11ef-f7c6-8d0bf24b329d"
                }
            ],
            "metaParams": {
                ".semantic-detection-duration": "0",
                ".id": "995c1480-e920-11ef-a3b8-152bc4329f77"
            }
        }
    ]
}