<?xml version="1.0" encoding="UTF-8"?>
<PeakList>
  <PeakList1D>
    <PeakList1DHeader creator="AG_Vilotijevic" date="2018-04-10T16:40:50.478+02:00" expNo="11" name="MLM-041_01" owner="" procNo="1" source="/home/nmrsu/topspin">
      <PeakPickDetails>F1=341.745ppm, F2=-109.945ppm, MI=0.00cm, MAXI=10000.00cm, PC=1.400
      </PeakPickDetails>
    </PeakList1DHeader>
    <Peak1D F1="166.7018" intensity="1.02" type="0"/>
    <Peak1D F1="141.5016" intensity="1.61" type="0"/>
    <Peak1D F1="138.2690" intensity="1.41" type="0"/>
    <Peak1D F1="132.8300" intensity="5.36" type="0"/>
    <Peak1D F1="130.5196" intensity="5.44" type="0"/>
    <Peak1D F1="129.1394" intensity="2.50" type="0"/>
    <Peak1D F1="123.1999" intensity="1.10" type="0"/>
    <Peak1D F1="121.5252" intensity="5.12" type="0"/>
    <Peak1D F1="109.6320" intensity="5.55" type="0"/>
    <Peak1D F1="78.4446" intensity="12.50" type="0"/>
    <Peak1D F1="77.9366" intensity="12.68" type="0"/>
    <Peak1D F1="77.4288" intensity="12.57" type="0"/>
    <Peak1D F1="63.0614" intensity="2.45" type="0"/>
    <Peak1D F1="53.2145" intensity="2.28" type="0"/>
    <Peak1D F1="30.6051" intensity="0.26" type="0"/>
  </PeakList1D>
</PeakList>
